2026.05.16 17:59:32 INFO  tracing is disabled for protocol LSP, to enable tracing of incoming and outgoing JSON messages create an empty file at c:\Users\Cozon\Documents\GitHub\Vista\.metals\lsp.trace.json or C:\Users\Cozon\AppData\Local\scalameta\metals\cache\lsp.trace.json
2026.05.16 17:59:53 INFO  logging to files C:\Users\Cozon\Documents\GitHub\Vista\.metals\metals.log
2026.05.16 17:59:53 INFO  Started: Metals version 1.6.7 in folders 'C:\Users\Cozon\Documents\GitHub\Vista' for client Visual Studio Code 1.119.1.
2026.05.16 17:59:53 INFO  time: initialize in 0.17s
2026.05.16 17:59:53 INFO  Memory monitor started
2026.05.16 18:00:24 WARN  Using H2 2.4.240 which is newer than the version Flyway has been verified with. The latest verified version of H2 is 2.3.232.
2026.05.16 18:00:35 INFO  no build target found for C:\Users\Cozon\Documents\GitHub\Vista\demo\src\main\java\com\example\demo\DemoApplication.java. Using fallback presentation compiler.
May 16, 2026 6:01:06 PM org.eclipse.lsp4j.jsonrpc.services.GenericEndpoint notify
INFO: Unsupported notification method: $/setTrace
May 16, 2026 6:01:07 PM org.eclipse.lsp4j.jsonrpc.RemoteEndpoint handleCancellation
WARNING: Unmatched cancel notification for request id 2
2026.05.16 18:01:07 INFO  no build target found for C:\Users\Cozon\Documents\GitHub\Vista\demo\src\main\java\com\example\demo\DemoApplication.java. Using fallback presentation compiler.
2026.05.16 18:01:08 INFO  no build target found for C:\Users\Cozon\Documents\GitHub\Vista\demo\src\main\java\com\example\demo\DemoApplication.java. Using fallback presentation compiler.
May 16, 2026 6:01:21 PM org.eclipse.lsp4j.jsonrpc.RemoteEndpoint handleCancellation
WARNING: Unmatched cancel notification for request id 8
2026.05.16 18:01:46 INFO  no build target found for C:\Users\Cozon\Documents\GitHub\Vista\demo\src\main\java\com\example\demo\DemoApplication.java. Using fallback presentation compiler.
2026.05.16 18:01:49 INFO  running 'C:\Users\Cozon\.jdks\ms-17.0.18\bin\java.exe -Dfile.encoding=UTF-8 -Dmaven.multiModuleProjectDirectory=C:\Users\Cozon\Documents\GitHub\Vista\demo -Dmaven.home=C:\Users\Cozon\AppData\Local\Temp\metals9729941559979324201 -cp C:\Users\Cozon\AppData\Local\Temp\metals9729941559979324201\maven-wrapper.jar org.apache.maven.wrapper.MavenWrapperMain generate-sources ch.epfl.scala:bloop-maven-plugin:2.0.3:bloopInstall -DdownloadSources=true'
2026.05.16 18:03:22 INFO  [INFO] Scanning for projects...
2026.05.16 18:03:30 INFO  [INFO] 
2026.05.16 18:03:30 INFO  [INFO] --------------------------< com.example:demo >--------------------------
2026.05.16 18:03:30 INFO  [INFO] Building  0.0.1-SNAPSHOT
2026.05.16 18:03:30 INFO  [INFO]   from pom.xml
2026.05.16 18:03:30 INFO  [INFO] --------------------------------[ jar ]---------------------------------
2026.05.16 18:03:36 INFO  [INFO] 
2026.05.16 18:03:36 INFO  [INFO] --- bloop:2.0.3:bloopInstall (default-cli) @ demo ---
2026.05.16 18:04:13 INFO  [ERROR] org.scala-lang:scala([0-9]?)-library is missing from project dependencies
2026.05.16 18:04:13 INFO  [ERROR] org.scala-lang:scala([0-9]?)-library is missing from project dependencies
2026.05.16 18:04:13 INFO  [INFO] Resolving artifact: com.jayway.jsonpath:json-path:jar:2.10.0:test (sources = false)
2026.05.16 18:04:13 INFO  [INFO] SUCCESS: com.jayway.jsonpath:json-path:jar:2.10.0:test (sources = false)
2026.05.16 18:04:13 INFO  [INFO] Resolving artifact: com.jayway.jsonpath:json-path:jar:2.10.0:test (sources = true)
2026.05.16 18:04:15 INFO  Downloading from central: https://repo.maven.apache.org/maven2/com/jayway/jsonpath/json-path/2.10.0/json-path-2.10.0-sources.jar
2026.05.16 18:04:17 INFO  Progress (1): 0.9/135 kB
2026.05.16 18:04:17 INFO  Progress (1): 2.3/135 kB
2026.05.16 18:04:17 INFO  Progress (1): 3.6/135 kB
2026.05.16 18:04:17 INFO  Progress (1): 5.0/135 kB
2026.05.16 18:04:17 INFO  Progress (1): 6.4/135 kB
2026.05.16 18:04:17 INFO  Progress (1): 7.7/135 kB
2026.05.16 18:04:17 INFO  Progress (1): 9.1/135 kB
2026.05.16 18:04:17 INFO  Progress (1): 10/135 kB 
2026.05.16 18:04:17 INFO  Progress (1): 12/135 kB
2026.05.16 18:04:17 INFO  Progress (1): 13/135 kB
2026.05.16 18:04:17 INFO  Progress (1): 15/135 kB
2026.05.16 18:04:17 INFO  Progress (1): 16/135 kB
2026.05.16 18:04:17 INFO  Progress (1): 17/135 kB
2026.05.16 18:04:17 INFO  Progress (1): 19/135 kB
2026.05.16 18:04:17 INFO  Progress (1): 20/135 kB
2026.05.16 18:04:17 INFO  Progress (1): 21/135 kB
2026.05.16 18:04:17 INFO  Progress (1): 23/135 kB
2026.05.16 18:04:17 INFO  Progress (1): 24/135 kB
2026.05.16 18:04:17 INFO  Progress (1): 25/135 kB
2026.05.16 18:04:17 INFO  Progress (1): 26/135 kB
2026.05.16 18:04:17 INFO  Progress (1): 27/135 kB
2026.05.16 18:04:17 INFO  Progress (1): 29/135 kB
2026.05.16 18:04:17 INFO  Progress (1): 30/135 kB
2026.05.16 18:04:17 INFO  Progress (1): 31/135 kB
2026.05.16 18:04:17 INFO  Progress (1): 33/135 kB
2026.05.16 18:04:17 INFO  Progress (1): 34/135 kB
2026.05.16 18:04:17 INFO  Progress (1): 36/135 kB
2026.05.16 18:04:17 INFO  Progress (1): 37/135 kB
2026.05.16 18:04:17 INFO  Progress (1): 38/135 kB
2026.05.16 18:04:17 INFO  Progress (1): 40/135 kB
2026.05.16 18:04:17 INFO  Progress (1): 41/135 kB
2026.05.16 18:04:17 INFO  Progress (1): 42/135 kB
2026.05.16 18:04:17 INFO  Progress (1): 44/135 kB
2026.05.16 18:04:17 INFO  Progress (1): 45/135 kB
2026.05.16 18:04:17 INFO  Progress (1): 46/135 kB
2026.05.16 18:04:17 INFO  Progress (1): 48/135 kB
2026.05.16 18:04:17 INFO  Progress (1): 49/135 kB
2026.05.16 18:04:17 INFO  Progress (1): 51/135 kB
2026.05.16 18:04:17 INFO  Progress (1): 52/135 kB
2026.05.16 18:04:17 INFO  Progress (1): 53/135 kB
2026.05.16 18:04:17 INFO  Progress (1): 55/135 kB
2026.05.16 18:04:17 INFO  Progress (1): 59/135 kB
2026.05.16 18:04:17 INFO  Progress (1): 63/135 kB
2026.05.16 18:04:17 INFO  Progress (1): 67/135 kB
2026.05.16 18:04:17 INFO  Progress (1): 72/135 kB
2026.05.16 18:04:17 INFO  Progress (1): 76/135 kB
2026.05.16 18:04:17 INFO  Progress (1): 80/135 kB
2026.05.16 18:04:17 INFO  Progress (1): 84/135 kB
2026.05.16 18:04:17 INFO  Progress (1): 89/135 kB
2026.05.16 18:04:17 INFO  Progress (1): 93/135 kB
2026.05.16 18:04:17 INFO  Progress (1): 97/135 kB
2026.05.16 18:04:17 INFO  Progress (1): 101/135 kB
2026.05.16 18:04:17 INFO  Progress (1): 105/135 kB
2026.05.16 18:04:17 INFO  Progress (1): 110/135 kB
2026.05.16 18:04:17 INFO  Progress (1): 114/135 kB
2026.05.16 18:04:17 INFO  Progress (1): 118/135 kB
2026.05.16 18:04:17 INFO  Progress (1): 122/135 kB
2026.05.16 18:04:17 INFO  Progress (1): 127/135 kB
2026.05.16 18:04:17 INFO  Progress (1): 131/135 kB
2026.05.16 18:04:17 INFO  Progress (1): 135 kB    
2026.05.16 18:04:17 INFO                      
2026.05.16 18:04:17 INFO  Downloaded from central: https://repo.maven.apache.org/maven2/com/jayway/jsonpath/json-path/2.10.0/json-path-2.10.0-sources.jar (135 kB at 61 kB/s)
2026.05.16 18:04:17 INFO  [INFO] SUCCESS: com.jayway.jsonpath:json-path:jar:2.10.0:test (sources = true)
2026.05.16 18:04:17 INFO  [INFO] Resolving artifact: org.hamcrest:hamcrest:jar:3.0:test (sources = false)
2026.05.16 18:04:17 INFO  [INFO] SUCCESS: org.hamcrest:hamcrest:jar:3.0:test (sources = false)
2026.05.16 18:04:17 INFO  [INFO] Resolving artifact: org.hamcrest:hamcrest:jar:3.0:test (sources = true)
2026.05.16 18:04:17 INFO  [INFO] SUCCESS: org.hamcrest:hamcrest:jar:3.0:test (sources = true)
2026.05.16 18:04:17 INFO  [INFO] Resolving artifact: org.springframework.boot:spring-boot-starter:jar:4.0.5:compile (sources = false)
2026.05.16 18:04:17 INFO  [INFO] SUCCESS: org.springframework.boot:spring-boot-starter:jar:4.0.5:compile (sources = false)
2026.05.16 18:04:17 INFO  [INFO] Resolving artifact: org.springframework.boot:spring-boot-starter:jar:4.0.5:compile (sources = true)
2026.05.16 18:04:17 INFO  Downloading from central: https://repo.maven.apache.org/maven2/org/springframework/boot/spring-boot-starter/4.0.5/spring-boot-starter-4.0.5-sources.jar
2026.05.16 18:04:17 INFO  Progress (1): 3.8/4.8 kB
2026.05.16 18:04:17 INFO  Progress (1): 4.8 kB    
2026.05.16 18:04:17 INFO                      
2026.05.16 18:04:17 INFO  Downloaded from central: https://repo.maven.apache.org/maven2/org/springframework/boot/spring-boot-starter/4.0.5/spring-boot-starter-4.0.5-sources.jar (4.8 kB at 35 kB/s)
2026.05.16 18:04:17 INFO  [INFO] SUCCESS: org.springframework.boot:spring-boot-starter:jar:4.0.5:compile (sources = true)
2026.05.16 18:04:17 INFO  [INFO] Resolving artifact: org.springframework.boot:spring-boot-sql:jar:4.0.5:compile (sources = false)
2026.05.16 18:04:17 INFO  [INFO] SUCCESS: org.springframework.boot:spring-boot-sql:jar:4.0.5:compile (sources = false)
2026.05.16 18:04:17 INFO  [INFO] Resolving artifact: org.springframework.boot:spring-boot-sql:jar:4.0.5:compile (sources = true)
2026.05.16 18:04:17 INFO  Downloading from central: https://repo.maven.apache.org/maven2/org/springframework/boot/spring-boot-sql/4.0.5/spring-boot-sql-4.0.5-sources.jar
2026.05.16 18:04:17 INFO  Progress (1): 3.8/31 kB
2026.05.16 18:04:17 INFO  Progress (1): 8.0/31 kB
2026.05.16 18:04:17 INFO  Progress (1): 12/31 kB 
2026.05.16 18:04:17 INFO  Progress (1): 16/31 kB
2026.05.16 18:04:17 INFO  Progress (1): 21/31 kB
2026.05.16 18:04:17 INFO  Progress (1): 25/31 kB
2026.05.16 18:04:17 INFO  Progress (1): 29/31 kB
2026.05.16 18:04:17 INFO  Progress (1): 31 kB   
2026.05.16 18:04:23 INFO                     
2026.05.16 18:04:23 INFO  Downloaded from central: https://repo.maven.apache.org/maven2/org/springframework/boot/spring-boot-sql/4.0.5/spring-boot-sql-4.0.5-sources.jar (31 kB at 5.7 kB/s)
2026.05.16 18:04:23 INFO  [INFO] SUCCESS: org.springframework.boot:spring-boot-sql:jar:4.0.5:compile (sources = true)
2026.05.16 18:04:23 INFO  [INFO] Resolving artifact: com.sun.istack:istack-commons-runtime:jar:4.1.2:runtime (sources = false)
2026.05.16 18:04:23 INFO  [INFO] SUCCESS: com.sun.istack:istack-commons-runtime:jar:4.1.2:runtime (sources = false)
2026.05.16 18:04:23 INFO  [INFO] Resolving artifact: com.sun.istack:istack-commons-runtime:jar:4.1.2:runtime (sources = true)
2026.05.16 18:04:23 INFO  [INFO] SUCCESS: com.sun.istack:istack-commons-runtime:jar:4.1.2:runtime (sources = true)
2026.05.16 18:04:23 INFO  [INFO] Resolving artifact: io.micrometer:micrometer-commons:jar:1.16.4:compile (sources = false)
2026.05.16 18:04:23 INFO  [INFO] SUCCESS: io.micrometer:micrometer-commons:jar:1.16.4:compile (sources = false)
2026.05.16 18:04:23 INFO  [INFO] Resolving artifact: io.micrometer:micrometer-commons:jar:1.16.4:compile (sources = true)
2026.05.16 18:04:23 INFO  Downloading from central: https://repo.maven.apache.org/maven2/io/micrometer/micrometer-commons/1.16.4/micrometer-commons-1.16.4-sources.jar
2026.05.16 18:04:23 INFO  Progress (1): 3.8/49 kB
2026.05.16 18:04:23 INFO  Progress (1): 8.0/49 kB
2026.05.16 18:04:23 INFO  Progress (1): 12/49 kB 
2026.05.16 18:04:23 INFO  Progress (1): 16/49 kB
2026.05.16 18:04:23 INFO  Progress (1): 21/49 kB
2026.05.16 18:04:23 INFO  Progress (1): 25/49 kB
2026.05.16 18:04:23 INFO  Progress (1): 29/49 kB
2026.05.16 18:04:23 INFO  Progress (1): 33/49 kB
2026.05.16 18:04:23 INFO  Progress (1): 37/49 kB
2026.05.16 18:04:23 INFO  Progress (1): 41/49 kB
2026.05.16 18:04:23 INFO  Progress (1): 46/49 kB
2026.05.16 18:04:23 INFO  Progress (1): 49 kB   
2026.05.16 18:04:30 INFO                     
2026.05.16 18:04:30 INFO  Downloaded from central: https://repo.maven.apache.org/maven2/io/micrometer/micrometer-commons/1.16.4/micrometer-commons-1.16.4-sources.jar (49 kB at 7.2 kB/s)
2026.05.16 18:04:30 INFO  [INFO] SUCCESS: io.micrometer:micrometer-commons:jar:1.16.4:compile (sources = true)
2026.05.16 18:04:30 INFO  [INFO] Resolving artifact: org.slf4j:slf4j-api:jar:2.0.17:compile (sources = false)
2026.05.16 18:04:30 INFO  [INFO] SUCCESS: org.slf4j:slf4j-api:jar:2.0.17:compile (sources = false)
2026.05.16 18:04:30 INFO  [INFO] Resolving artifact: org.slf4j:slf4j-api:jar:2.0.17:compile (sources = true)
2026.05.16 18:04:30 INFO  [INFO] SUCCESS: org.slf4j:slf4j-api:jar:2.0.17:compile (sources = true)
2026.05.16 18:04:30 INFO  [INFO] Resolving artifact: org.jspecify:jspecify:jar:1.0.0:compile (sources = false)
2026.05.16 18:04:30 INFO  [INFO] SUCCESS: org.jspecify:jspecify:jar:1.0.0:compile (sources = false)
2026.05.16 18:04:30 INFO  [INFO] Resolving artifact: org.jspecify:jspecify:jar:1.0.0:compile (sources = true)
2026.05.16 18:04:30 INFO  [INFO] SUCCESS: org.jspecify:jspecify:jar:1.0.0:compile (sources = true)
2026.05.16 18:04:30 INFO  [INFO] Resolving artifact: com.fasterxml.jackson.core:jackson-annotations:jar:2.21:compile (sources = false)
2026.05.16 18:04:30 INFO  [INFO] SUCCESS: com.fasterxml.jackson.core:jackson-annotations:jar:2.21:compile (sources = false)
2026.05.16 18:04:30 INFO  [INFO] Resolving artifact: com.fasterxml.jackson.core:jackson-annotations:jar:2.21:compile (sources = true)
2026.05.16 18:04:30 INFO  Downloading from central: https://repo.maven.apache.org/maven2/com/fasterxml/jackson/core/jackson-annotations/2.21/jackson-annotations-2.21-sources.jar
2026.05.16 18:04:30 INFO  Progress (1): 7.7/90 kB
2026.05.16 18:04:30 INFO  Progress (1): 16/90 kB 
2026.05.16 18:04:30 INFO  Progress (1): 25/90 kB
2026.05.16 18:04:30 INFO  Progress (1): 41/90 kB
2026.05.16 18:04:30 INFO  Progress (1): 57/90 kB
2026.05.16 18:04:30 INFO  Progress (1): 74/90 kB
2026.05.16 18:04:30 INFO  Progress (1): 90 kB   
2026.05.16 18:04:30 INFO                     
2026.05.16 18:04:30 INFO  Downloaded from central: https://repo.maven.apache.org/maven2/com/fasterxml/jackson/core/jackson-annotations/2.21/jackson-annotations-2.21-sources.jar (90 kB at 231 kB/s)
2026.05.16 18:04:30 INFO  [INFO] SUCCESS: com.fasterxml.jackson.core:jackson-annotations:jar:2.21:compile (sources = true)
2026.05.16 18:04:30 INFO  [INFO] Resolving artifact: org.springframework.security:spring-security-crypto:jar:7.0.4:compile (sources = false)
2026.05.16 18:04:30 INFO  [INFO] SUCCESS: org.springframework.security:spring-security-crypto:jar:7.0.4:compile (sources = false)
2026.05.16 18:04:30 INFO  [INFO] Resolving artifact: org.springframework.security:spring-security-crypto:jar:7.0.4:compile (sources = true)
2026.05.16 18:04:30 INFO  Downloading from central: https://repo.maven.apache.org/maven2/org/springframework/security/spring-security-crypto/7.0.4/spring-security-crypto-7.0.4-sources.jar
2026.05.16 18:04:30 INFO  Progress (1): 7.7/102 kB
2026.05.16 18:04:30 INFO  Progress (1): 16/102 kB 
2026.05.16 18:04:30 INFO  Progress (1): 25/102 kB
2026.05.16 18:04:30 INFO  Progress (1): 41/102 kB
2026.05.16 18:04:30 INFO  Progress (1): 57/102 kB
2026.05.16 18:04:30 INFO  Progress (1): 74/102 kB
2026.05.16 18:04:30 INFO  Progress (1): 90/102 kB
2026.05.16 18:04:30 INFO  Progress (1): 102 kB   
2026.05.16 18:04:30 INFO                      
2026.05.16 18:04:30 INFO  Downloaded from central: https://repo.maven.apache.org/maven2/org/springframework/security/spring-security-crypto/7.0.4/spring-security-crypto-7.0.4-sources.jar (102 kB at 313 kB/s)
2026.05.16 18:04:30 INFO  [INFO] SUCCESS: org.springframework.security:spring-security-crypto:jar:7.0.4:compile (sources = true)
2026.05.16 18:04:30 INFO  [INFO] Resolving artifact: org.springframework.boot:spring-boot-data-jpa:jar:4.0.5:compile (sources = false)
2026.05.16 18:04:30 INFO  [INFO] SUCCESS: org.springframework.boot:spring-boot-data-jpa:jar:4.0.5:compile (sources = false)
2026.05.16 18:04:30 INFO  [INFO] Resolving artifact: org.springframework.boot:spring-boot-data-jpa:jar:4.0.5:compile (sources = true)
2026.05.16 18:04:30 INFO  Downloading from central: https://repo.maven.apache.org/maven2/org/springframework/boot/spring-boot-data-jpa/4.0.5/spring-boot-data-jpa-4.0.5-sources.jar
2026.05.16 18:04:30 INFO  Progress (1): 7.7/11 kB
2026.05.16 18:04:30 INFO  Progress (1): 11 kB    
2026.05.16 18:04:32 INFO                     
2026.05.16 18:04:32 INFO  Downloaded from central: https://repo.maven.apache.org/maven2/org/springframework/boot/spring-boot-data-jpa/4.0.5/spring-boot-data-jpa-4.0.5-sources.jar (11 kB at 12 kB/s)
2026.05.16 18:04:32 INFO  [INFO] SUCCESS: org.springframework.boot:spring-boot-data-jpa:jar:4.0.5:compile (sources = true)
2026.05.16 18:04:32 INFO  [INFO] Resolving artifact: org.jboss.logging:jboss-logging:jar:3.6.3.Final:runtime (sources = false)
2026.05.16 18:04:32 INFO  [INFO] SUCCESS: org.jboss.logging:jboss-logging:jar:3.6.3.Final:runtime (sources = false)
2026.05.16 18:04:32 INFO  [INFO] Resolving artifact: org.jboss.logging:jboss-logging:jar:3.6.3.Final:runtime (sources = true)
2026.05.16 18:04:32 INFO  Downloading from central: https://repo.maven.apache.org/maven2/org/jboss/logging/jboss-logging/3.6.3.Final/jboss-logging-3.6.3.Final-sources.jar
2026.05.16 18:04:32 INFO  Progress (1): 7.7/47 kB
2026.05.16 18:04:32 INFO  Progress (1): 16/47 kB 
2026.05.16 18:04:32 INFO  Progress (1): 32/47 kB
2026.05.16 18:04:32 INFO  Progress (1): 47 kB   
2026.05.16 18:04:35 INFO                     
2026.05.16 18:04:35 INFO  Downloaded from central: https://repo.maven.apache.org/maven2/org/jboss/logging/jboss-logging/3.6.3.Final/jboss-logging-3.6.3.Final-sources.jar (47 kB at 14 kB/s)
2026.05.16 18:04:35 INFO  [INFO] SUCCESS: org.jboss.logging:jboss-logging:jar:3.6.3.Final:runtime (sources = true)
2026.05.16 18:04:35 INFO  [INFO] Resolving artifact: org.springframework.boot:spring-boot-starter-data-jpa:jar:4.0.5:compile (sources = false)
2026.05.16 18:04:35 INFO  [INFO] SUCCESS: org.springframework.boot:spring-boot-starter-data-jpa:jar:4.0.5:compile (sources = false)
2026.05.16 18:04:35 INFO  [INFO] Resolving artifact: org.springframework.boot:spring-boot-starter-data-jpa:jar:4.0.5:compile (sources = true)
2026.05.16 18:04:35 INFO  Downloading from central: https://repo.maven.apache.org/maven2/org/springframework/boot/spring-boot-starter-data-jpa/4.0.5/spring-boot-starter-data-jpa-4.0.5-sources.jar
2026.05.16 18:04:35 INFO  Progress (1): 4.8 kB
2026.05.16 18:04:35 INFO                      
2026.05.16 18:04:35 INFO  Downloaded from central: https://repo.maven.apache.org/maven2/org/springframework/boot/spring-boot-starter-data-jpa/4.0.5/spring-boot-starter-data-jpa-4.0.5-sources.jar (4.8 kB at 35 kB/s)
2026.05.16 18:04:35 INFO  [INFO] SUCCESS: org.springframework.boot:spring-boot-starter-data-jpa:jar:4.0.5:compile (sources = true)
2026.05.16 18:04:35 INFO  [INFO] Resolving artifact: org.springframework:spring-orm:jar:7.0.6:compile (sources = false)
2026.05.16 18:04:35 INFO  [INFO] SUCCESS: org.springframework:spring-orm:jar:7.0.6:compile (sources = false)
2026.05.16 18:04:35 INFO  [INFO] Resolving artifact: org.springframework:spring-orm:jar:7.0.6:compile (sources = true)
2026.05.16 18:04:35 INFO  Downloading from central: https://repo.maven.apache.org/maven2/org/springframework/spring-orm/7.0.6/spring-orm-7.0.6-sources.jar
2026.05.16 18:04:35 INFO  Progress (1): 7.7/171 kB
2026.05.16 18:04:35 INFO  Progress (1): 8.2/171 kB
2026.05.16 18:04:35 INFO  Progress (1): 25/171 kB 
2026.05.16 18:04:35 INFO  Progress (1): 41/171 kB
2026.05.16 18:04:35 INFO  Progress (1): 57/171 kB
2026.05.16 18:04:35 INFO  Progress (1): 66/171 kB
2026.05.16 18:04:35 INFO  Progress (1): 82/171 kB
2026.05.16 18:04:35 INFO  Progress (1): 90/171 kB
2026.05.16 18:04:35 INFO  Progress (1): 98/171 kB
2026.05.16 18:04:35 INFO  Progress (1): 106/171 kB
2026.05.16 18:04:35 INFO  Progress (1): 123/171 kB
2026.05.16 18:04:35 INFO  Progress (1): 139/171 kB
2026.05.16 18:04:35 INFO  Progress (1): 147/171 kB
2026.05.16 18:04:35 INFO  Progress (1): 164/171 kB
2026.05.16 18:04:35 INFO  Progress (1): 171 kB    
2026.05.16 18:04:35 INFO                      
2026.05.16 18:04:35 INFO  Downloaded from central: https://repo.maven.apache.org/maven2/org/springframework/spring-orm/7.0.6/spring-orm-7.0.6-sources.jar (171 kB at 754 kB/s)
2026.05.16 18:04:35 INFO  [INFO] SUCCESS: org.springframework:spring-orm:jar:7.0.6:compile (sources = true)
2026.05.16 18:04:35 INFO  [INFO] Resolving artifact: org.apache.tomcat.embed:tomcat-embed-el:jar:11.0.20:compile (sources = false)
2026.05.16 18:04:35 INFO  [INFO] SUCCESS: org.apache.tomcat.embed:tomcat-embed-el:jar:11.0.20:compile (sources = false)
2026.05.16 18:04:35 INFO  [INFO] Resolving artifact: org.apache.tomcat.embed:tomcat-embed-el:jar:11.0.20:compile (sources = true)
2026.05.16 18:04:35 INFO  Downloading from central: https://repo.maven.apache.org/maven2/org/apache/tomcat/embed/tomcat-embed-el/11.0.20/tomcat-embed-el-11.0.20-sources.jar
2026.05.16 18:04:35 INFO  Progress (1): 7.7/238 kB
2026.05.16 18:04:35 INFO  Progress (1): 16/238 kB 
2026.05.16 18:04:35 INFO  Progress (1): 25/238 kB
2026.05.16 18:04:35 INFO  Progress (1): 41/238 kB
2026.05.16 18:04:35 INFO  Progress (1): 57/238 kB
2026.05.16 18:04:35 INFO  Progress (1): 74/238 kB
2026.05.16 18:04:35 INFO  Progress (1): 90/238 kB
2026.05.16 18:04:35 INFO  Progress (1): 106/238 kB
2026.05.16 18:04:35 INFO  Progress (1): 123/238 kB
2026.05.16 18:04:35 INFO  Progress (1): 139/238 kB
2026.05.16 18:04:35 INFO  Progress (1): 156/238 kB
2026.05.16 18:04:35 INFO  Progress (1): 164/238 kB
2026.05.16 18:04:35 INFO  Progress (1): 172/238 kB
2026.05.16 18:04:35 INFO  Progress (1): 180/238 kB
2026.05.16 18:04:35 INFO  Progress (1): 197/238 kB
2026.05.16 18:04:35 INFO  Progress (1): 205/238 kB
2026.05.16 18:04:35 INFO  Progress (1): 221/238 kB
2026.05.16 18:04:35 INFO  Progress (1): 238 kB    
2026.05.16 18:04:35 INFO                      
2026.05.16 18:04:35 INFO  Downloaded from central: https://repo.maven.apache.org/maven2/org/apache/tomcat/embed/tomcat-embed-el/11.0.20/tomcat-embed-el-11.0.20-sources.jar (238 kB at 1.0 MB/s)
2026.05.16 18:04:35 INFO  [INFO] SUCCESS: org.apache.tomcat.embed:tomcat-embed-el:jar:11.0.20:compile (sources = true)
2026.05.16 18:04:35 INFO  [INFO] Resolving artifact: org.mockito:mockito-junit-jupiter:jar:5.20.0:test (sources = false)
2026.05.16 18:04:35 INFO  [INFO] SUCCESS: org.mockito:mockito-junit-jupiter:jar:5.20.0:test (sources = false)
2026.05.16 18:04:35 INFO  [INFO] Resolving artifact: org.mockito:mockito-junit-jupiter:jar:5.20.0:test (sources = true)
2026.05.16 18:04:35 INFO  Downloading from central: https://repo.maven.apache.org/maven2/org/mockito/mockito-junit-jupiter/5.20.0/mockito-junit-jupiter-5.20.0-sources.jar
2026.05.16 18:04:35 INFO  Progress (1): 6.7 kB
2026.05.16 18:04:36 INFO                      
2026.05.16 18:04:36 INFO  Downloaded from central: https://repo.maven.apache.org/maven2/org/mockito/mockito-junit-jupiter/5.20.0/mockito-junit-jupiter-5.20.0-sources.jar (6.7 kB at 18 kB/s)
2026.05.16 18:04:36 INFO  [INFO] SUCCESS: org.mockito:mockito-junit-jupiter:jar:5.20.0:test (sources = true)
2026.05.16 18:04:36 INFO  [INFO] Resolving artifact: org.springframework:spring-test:jar:7.0.6:test (sources = false)
2026.05.16 18:04:36 INFO  [INFO] SUCCESS: org.springframework:spring-test:jar:7.0.6:test (sources = false)
2026.05.16 18:04:36 INFO  [INFO] Resolving artifact: org.springframework:spring-test:jar:7.0.6:test (sources = true)
2026.05.16 18:04:36 INFO  Downloading from central: https://repo.maven.apache.org/maven2/org/springframework/spring-test/7.0.6/spring-test-7.0.6-sources.jar
2026.05.16 18:04:36 INFO  Progress (1): 7.7/876 kB
2026.05.16 18:04:36 INFO  Progress (1): 16/876 kB 
2026.05.16 18:04:36 INFO  Progress (1): 25/876 kB
2026.05.16 18:04:36 INFO  Progress (1): 41/876 kB
2026.05.16 18:04:36 INFO  Progress (1): 57/876 kB
2026.05.16 18:04:36 INFO  Progress (1): 74/876 kB
2026.05.16 18:04:36 INFO  Progress (1): 90/876 kB
2026.05.16 18:04:36 INFO  Progress (1): 106/876 kB
2026.05.16 18:04:36 INFO  Progress (1): 123/876 kB
2026.05.16 18:04:36 INFO  Progress (1): 131/876 kB
2026.05.16 18:04:36 INFO  Progress (1): 147/876 kB
2026.05.16 18:04:36 INFO  Progress (1): 164/876 kB
2026.05.16 18:04:36 INFO  Progress (1): 180/876 kB
2026.05.16 18:04:36 INFO  Progress (1): 188/876 kB
2026.05.16 18:04:36 INFO  Progress (1): 205/876 kB
2026.05.16 18:04:36 INFO  Progress (1): 213/876 kB
2026.05.16 18:04:36 INFO  Progress (1): 229/876 kB
2026.05.16 18:04:36 INFO  Progress (1): 238/876 kB
2026.05.16 18:04:36 INFO  Progress (1): 246/876 kB
2026.05.16 18:04:36 INFO  Progress (1): 254/876 kB
2026.05.16 18:04:36 INFO  Progress (1): 262/876 kB
2026.05.16 18:04:36 INFO  Progress (1): 270/876 kB
2026.05.16 18:04:36 INFO  Progress (1): 287/876 kB
2026.05.16 18:04:36 INFO  Progress (1): 303/876 kB
2026.05.16 18:04:36 INFO  Progress (1): 319/876 kB
2026.05.16 18:04:36 INFO  Progress (1): 328/876 kB
2026.05.16 18:04:36 INFO  Progress (1): 336/876 kB
2026.05.16 18:04:36 INFO  Progress (1): 352/876 kB
2026.05.16 18:04:36 INFO  Progress (1): 369/876 kB
2026.05.16 18:04:36 INFO  Progress (1): 377/876 kB
2026.05.16 18:04:36 INFO  Progress (1): 393/876 kB
2026.05.16 18:04:36 INFO  Progress (1): 410/876 kB
2026.05.16 18:04:36 INFO  Progress (1): 426/876 kB
2026.05.16 18:04:36 INFO  Progress (1): 442/876 kB
2026.05.16 18:04:36 INFO  Progress (1): 459/876 kB
2026.05.16 18:04:36 INFO  Progress (1): 475/876 kB
2026.05.16 18:04:36 INFO  Progress (1): 492/876 kB
2026.05.16 18:04:36 INFO  Progress (1): 508/876 kB
2026.05.16 18:04:36 INFO  Progress (1): 524/876 kB
2026.05.16 18:04:36 INFO  Progress (1): 541/876 kB
2026.05.16 18:04:36 INFO  Progress (1): 557/876 kB
2026.05.16 18:04:36 INFO  Progress (1): 573/876 kB
2026.05.16 18:04:36 INFO  Progress (1): 590/876 kB
2026.05.16 18:04:36 INFO  Progress (1): 606/876 kB
2026.05.16 18:04:36 INFO  Progress (1): 623/876 kB
2026.05.16 18:04:36 INFO  Progress (1): 639/876 kB
2026.05.16 18:04:36 INFO  Progress (1): 655/876 kB
2026.05.16 18:04:36 INFO  Progress (1): 672/876 kB
2026.05.16 18:04:36 INFO  Progress (1): 688/876 kB
2026.05.16 18:04:36 INFO  Progress (1): 705/876 kB
2026.05.16 18:04:36 INFO  Progress (1): 721/876 kB
2026.05.16 18:04:36 INFO  Progress (1): 737/876 kB
2026.05.16 18:04:36 INFO  Progress (1): 754/876 kB
2026.05.16 18:04:36 INFO  Progress (1): 770/876 kB
2026.05.16 18:04:36 INFO  Progress (1): 786/876 kB
2026.05.16 18:04:36 INFO  Progress (1): 803/876 kB
2026.05.16 18:04:36 INFO  Progress (1): 819/876 kB
2026.05.16 18:04:36 INFO  Progress (1): 836/876 kB
2026.05.16 18:04:36 INFO  Progress (1): 852/876 kB
2026.05.16 18:04:36 INFO  Progress (1): 868/876 kB
2026.05.16 18:04:36 INFO  Progress (1): 876 kB    
2026.05.16 18:04:36 INFO                      
2026.05.16 18:04:36 INFO  Downloaded from central: https://repo.maven.apache.org/maven2/org/springframework/spring-test/7.0.6/spring-test-7.0.6-sources.jar (876 kB at 2.3 MB/s)
2026.05.16 18:04:36 INFO  [INFO] SUCCESS: org.springframework:spring-test:jar:7.0.6:test (sources = true)
2026.05.16 18:04:36 INFO  [INFO] Resolving artifact: org.assertj:assertj-core:jar:3.27.7:test (sources = false)
2026.05.16 18:04:36 INFO  [INFO] SUCCESS: org.assertj:assertj-core:jar:3.27.7:test (sources = false)
2026.05.16 18:04:36 INFO  [INFO] Resolving artifact: org.assertj:assertj-core:jar:3.27.7:test (sources = true)
2026.05.16 18:04:36 INFO  Downloading from central: https://repo.maven.apache.org/maven2/org/assertj/assertj-core/3.27.7/assertj-core-3.27.7-sources.jar
2026.05.16 18:04:36 INFO  Progress (1): 0/1.5 MB
2026.05.16 18:04:36 INFO  Progress (1): 0/1.5 MB
2026.05.16 18:04:36 INFO  Progress (1): 0/1.5 MB
2026.05.16 18:04:36 INFO  Progress (1): 0/1.5 MB
2026.05.16 18:04:36 INFO  Progress (1): 0.1/1.5 MB
2026.05.16 18:04:36 INFO  Progress (1): 0.1/1.5 MB
2026.05.16 18:04:36 INFO  Progress (1): 0.1/1.5 MB
2026.05.16 18:04:36 INFO  Progress (1): 0.1/1.5 MB
2026.05.16 18:04:36 INFO  Progress (1): 0.1/1.5 MB
2026.05.16 18:04:36 INFO  Progress (1): 0.1/1.5 MB
2026.05.16 18:04:36 INFO  Progress (1): 0.1/1.5 MB
2026.05.16 18:04:36 INFO  Progress (1): 0.1/1.5 MB
2026.05.16 18:04:36 INFO  Progress (1): 0.1/1.5 MB
2026.05.16 18:04:36 INFO  Progress (1): 0.2/1.5 MB
2026.05.16 18:04:36 INFO  Progress (1): 0.2/1.5 MB
2026.05.16 18:04:36 INFO  Progress (1): 0.2/1.5 MB
2026.05.16 18:04:36 INFO  Progress (1): 0.2/1.5 MB
2026.05.16 18:04:36 INFO  Progress (1): 0.2/1.5 MB
2026.05.16 18:04:36 INFO  Progress (1): 0.2/1.5 MB
2026.05.16 18:04:36 INFO  Progress (1): 0.2/1.5 MB
2026.05.16 18:04:36 INFO  Progress (1): 0.3/1.5 MB
2026.05.16 18:04:36 INFO  Progress (1): 0.3/1.5 MB
2026.05.16 18:04:36 INFO  Progress (1): 0.3/1.5 MB
2026.05.16 18:04:36 INFO  Progress (1): 0.3/1.5 MB
2026.05.16 18:04:36 INFO  Progress (1): 0.3/1.5 MB
2026.05.16 18:04:36 INFO  Progress (1): 0.3/1.5 MB
2026.05.16 18:04:36 INFO  Progress (1): 0.3/1.5 MB
2026.05.16 18:04:36 INFO  Progress (1): 0.4/1.5 MB
2026.05.16 18:04:36 INFO  Progress (1): 0.4/1.5 MB
2026.05.16 18:04:36 INFO  Progress (1): 0.4/1.5 MB
2026.05.16 18:04:36 INFO  Progress (1): 0.4/1.5 MB
2026.05.16 18:04:36 INFO  Progress (1): 0.4/1.5 MB
2026.05.16 18:04:36 INFO  Progress (1): 0.4/1.5 MB
2026.05.16 18:04:36 INFO  Progress (1): 0.5/1.5 MB
2026.05.16 18:04:36 INFO  Progress (1): 0.5/1.5 MB
2026.05.16 18:04:36 INFO  Progress (1): 0.5/1.5 MB
2026.05.16 18:04:36 INFO  Progress (1): 0.5/1.5 MB
2026.05.16 18:04:36 INFO  Progress (1): 0.5/1.5 MB
2026.05.16 18:04:36 INFO  Progress (1): 0.5/1.5 MB
2026.05.16 18:04:36 INFO  Progress (1): 0.5/1.5 MB
2026.05.16 18:04:36 INFO  Progress (1): 0.6/1.5 MB
2026.05.16 18:04:36 INFO  Progress (1): 0.6/1.5 MB
2026.05.16 18:04:36 INFO  Progress (1): 0.6/1.5 MB
2026.05.16 18:04:36 INFO  Progress (1): 0.6/1.5 MB
2026.05.16 18:04:36 INFO  Progress (1): 0.6/1.5 MB
2026.05.16 18:04:36 INFO  Progress (1): 0.6/1.5 MB
2026.05.16 18:04:36 INFO  Progress (1): 0.7/1.5 MB
2026.05.16 18:04:36 INFO  Progress (1): 0.7/1.5 MB
2026.05.16 18:04:36 INFO  Progress (1): 0.7/1.5 MB
2026.05.16 18:04:36 INFO  Progress (1): 0.7/1.5 MB
2026.05.16 18:04:36 INFO  Progress (1): 0.7/1.5 MB
2026.05.16 18:04:36 INFO  Progress (1): 0.7/1.5 MB
2026.05.16 18:04:36 INFO  Progress (1): 0.8/1.5 MB
2026.05.16 18:04:36 INFO  Progress (1): 0.8/1.5 MB
2026.05.16 18:04:36 INFO  Progress (1): 0.8/1.5 MB
2026.05.16 18:04:36 INFO  Progress (1): 0.8/1.5 MB
2026.05.16 18:04:36 INFO  Progress (1): 0.8/1.5 MB
2026.05.16 18:04:36 INFO  Progress (1): 0.8/1.5 MB
2026.05.16 18:04:36 INFO  Progress (1): 0.9/1.5 MB
2026.05.16 18:04:36 INFO  Progress (1): 0.9/1.5 MB
2026.05.16 18:04:36 INFO  Progress (1): 0.9/1.5 MB
2026.05.16 18:04:36 INFO  Progress (1): 0.9/1.5 MB
2026.05.16 18:04:36 INFO  Progress (1): 0.9/1.5 MB
2026.05.16 18:04:36 INFO  Progress (1): 0.9/1.5 MB
2026.05.16 18:04:36 INFO  Progress (1): 1.0/1.5 MB
2026.05.16 18:04:36 INFO  Progress (1): 1.0/1.5 MB
2026.05.16 18:04:36 INFO  Progress (1): 1.0/1.5 MB
2026.05.16 18:04:36 INFO  Progress (1): 1.0/1.5 MB
2026.05.16 18:04:36 INFO  Progress (1): 1.0/1.5 MB
2026.05.16 18:04:36 INFO  Progress (1): 1.0/1.5 MB
2026.05.16 18:04:36 INFO  Progress (1): 1.1/1.5 MB
2026.05.16 18:04:36 INFO  Progress (1): 1.1/1.5 MB
2026.05.16 18:04:36 INFO  Progress (1): 1.1/1.5 MB
2026.05.16 18:04:36 INFO  Progress (1): 1.1/1.5 MB
2026.05.16 18:04:36 INFO  Progress (1): 1.1/1.5 MB
2026.05.16 18:04:36 INFO  Progress (1): 1.1/1.5 MB
2026.05.16 18:04:36 INFO  Progress (1): 1.2/1.5 MB
2026.05.16 18:04:36 INFO  Progress (1): 1.2/1.5 MB
2026.05.16 18:04:36 INFO  Progress (1): 1.2/1.5 MB
2026.05.16 18:04:36 INFO  Progress (1): 1.2/1.5 MB
2026.05.16 18:04:36 INFO  Progress (1): 1.2/1.5 MB
2026.05.16 18:04:36 INFO  Progress (1): 1.2/1.5 MB
2026.05.16 18:04:36 INFO  Progress (1): 1.2/1.5 MB
2026.05.16 18:04:36 INFO  Progress (1): 1.3/1.5 MB
2026.05.16 18:04:36 INFO  Progress (1): 1.3/1.5 MB
2026.05.16 18:04:36 INFO  Progress (1): 1.3/1.5 MB
2026.05.16 18:04:36 INFO  Progress (1): 1.3/1.5 MB
2026.05.16 18:04:36 INFO  Progress (1): 1.3/1.5 MB
2026.05.16 18:04:36 INFO  Progress (1): 1.3/1.5 MB
2026.05.16 18:04:36 INFO  Progress (1): 1.4/1.5 MB
2026.05.16 18:04:36 INFO  Progress (1): 1.4/1.5 MB
2026.05.16 18:04:36 INFO  Progress (1): 1.4/1.5 MB
2026.05.16 18:04:36 INFO  Progress (1): 1.4/1.5 MB
2026.05.16 18:04:36 INFO  Progress (1): 1.4/1.5 MB
2026.05.16 18:04:36 INFO  Progress (1): 1.4/1.5 MB
2026.05.16 18:04:36 INFO  Progress (1): 1.4/1.5 MB
2026.05.16 18:04:36 INFO  Progress (1): 1.5 MB    
2026.05.16 18:04:37 INFO                      
2026.05.16 18:04:37 INFO  Downloaded from central: https://repo.maven.apache.org/maven2/org/assertj/assertj-core/3.27.7/assertj-core-3.27.7-sources.jar (1.5 MB at 2.4 MB/s)
2026.05.16 18:04:37 INFO  [INFO] SUCCESS: org.assertj:assertj-core:jar:3.27.7:test (sources = true)
2026.05.16 18:04:37 INFO  [INFO] Resolving artifact: org.springframework:spring-context:jar:7.0.6:compile (sources = false)
2026.05.16 18:04:37 INFO  [INFO] SUCCESS: org.springframework:spring-context:jar:7.0.6:compile (sources = false)
2026.05.16 18:04:37 INFO  [INFO] Resolving artifact: org.springframework:spring-context:jar:7.0.6:compile (sources = true)
2026.05.16 18:04:37 INFO  Downloading from central: https://repo.maven.apache.org/maven2/org/springframework/spring-context/7.0.6/spring-context-7.0.6-sources.jar
2026.05.16 18:04:37 INFO  Progress (1): 0/1.1 MB
2026.05.16 18:04:37 INFO  Progress (1): 0/1.1 MB
2026.05.16 18:04:37 INFO  Progress (1): 0/1.1 MB
2026.05.16 18:04:37 INFO  Progress (1): 0/1.1 MB
2026.05.16 18:04:37 INFO  Progress (1): 0.1/1.1 MB
2026.05.16 18:04:37 INFO  Progress (1): 0.1/1.1 MB
2026.05.16 18:04:37 INFO  Progress (1): 0.1/1.1 MB
2026.05.16 18:04:37 INFO  Progress (1): 0.1/1.1 MB
2026.05.16 18:04:37 INFO  Progress (1): 0.1/1.1 MB
2026.05.16 18:04:37 INFO  Progress (1): 0.1/1.1 MB
2026.05.16 18:04:37 INFO  Progress (1): 0.2/1.1 MB
2026.05.16 18:04:37 INFO  Progress (1): 0.2/1.1 MB
2026.05.16 18:04:37 INFO  Progress (1): 0.2/1.1 MB
2026.05.16 18:04:37 INFO  Progress (1): 0.2/1.1 MB
2026.05.16 18:04:37 INFO  Progress (1): 0.2/1.1 MB
2026.05.16 18:04:37 INFO  Progress (1): 0.2/1.1 MB
2026.05.16 18:04:37 INFO  Progress (1): 0.3/1.1 MB
2026.05.16 18:04:37 INFO  Progress (1): 0.3/1.1 MB
2026.05.16 18:04:37 INFO  Progress (1): 0.3/1.1 MB
2026.05.16 18:04:37 INFO  Progress (1): 0.3/1.1 MB
2026.05.16 18:04:37 INFO  Progress (1): 0.3/1.1 MB
2026.05.16 18:04:37 INFO  Progress (1): 0.3/1.1 MB
2026.05.16 18:04:37 INFO  Progress (1): 0.3/1.1 MB
2026.05.16 18:04:37 INFO  Progress (1): 0.4/1.1 MB
2026.05.16 18:04:37 INFO  Progress (1): 0.4/1.1 MB
2026.05.16 18:04:37 INFO  Progress (1): 0.4/1.1 MB
2026.05.16 18:04:37 INFO  Progress (1): 0.4/1.1 MB
2026.05.16 18:04:37 INFO  Progress (1): 0.4/1.1 MB
2026.05.16 18:04:37 INFO  Progress (1): 0.4/1.1 MB
2026.05.16 18:04:37 INFO  Progress (1): 0.4/1.1 MB
2026.05.16 18:04:37 INFO  Progress (1): 0.4/1.1 MB
2026.05.16 18:04:37 INFO  Progress (1): 0.5/1.1 MB
2026.05.16 18:04:37 INFO  Progress (1): 0.5/1.1 MB
2026.05.16 18:04:37 INFO  Progress (1): 0.5/1.1 MB
2026.05.16 18:04:37 INFO  Progress (1): 0.5/1.1 MB
2026.05.16 18:04:37 INFO  Progress (1): 0.5/1.1 MB
2026.05.16 18:04:37 INFO  Progress (1): 0.5/1.1 MB
2026.05.16 18:04:37 INFO  Progress (1): 0.5/1.1 MB
2026.05.16 18:04:37 INFO  Progress (1): 0.6/1.1 MB
2026.05.16 18:04:37 INFO  Progress (1): 0.6/1.1 MB
2026.05.16 18:04:37 INFO  Progress (1): 0.6/1.1 MB
2026.05.16 18:04:37 INFO  Progress (1): 0.6/1.1 MB
2026.05.16 18:04:37 INFO  Progress (1): 0.6/1.1 MB
2026.05.16 18:04:37 INFO  Progress (1): 0.6/1.1 MB
2026.05.16 18:04:37 INFO  Progress (1): 0.7/1.1 MB
2026.05.16 18:04:37 INFO  Progress (1): 0.7/1.1 MB
2026.05.16 18:04:37 INFO  Progress (1): 0.7/1.1 MB
2026.05.16 18:04:37 INFO  Progress (1): 0.7/1.1 MB
2026.05.16 18:04:37 INFO  Progress (1): 0.7/1.1 MB
2026.05.16 18:04:37 INFO  Progress (1): 0.7/1.1 MB
2026.05.16 18:04:37 INFO  Progress (1): 0.8/1.1 MB
2026.05.16 18:04:37 INFO  Progress (1): 0.8/1.1 MB
2026.05.16 18:04:37 INFO  Progress (1): 0.8/1.1 MB
2026.05.16 18:04:37 INFO  Progress (1): 0.8/1.1 MB
2026.05.16 18:04:37 INFO  Progress (1): 0.8/1.1 MB
2026.05.16 18:04:37 INFO  Progress (1): 0.8/1.1 MB
2026.05.16 18:04:37 INFO  Progress (1): 0.9/1.1 MB
2026.05.16 18:04:37 INFO  Progress (1): 0.9/1.1 MB
2026.05.16 18:04:37 INFO  Progress (1): 0.9/1.1 MB
2026.05.16 18:04:37 INFO  Progress (1): 0.9/1.1 MB
2026.05.16 18:04:37 INFO  Progress (1): 0.9/1.1 MB
2026.05.16 18:04:37 INFO  Progress (1): 0.9/1.1 MB
2026.05.16 18:04:37 INFO  Progress (1): 1.0/1.1 MB
2026.05.16 18:04:37 INFO  Progress (1): 1.0/1.1 MB
2026.05.16 18:04:37 INFO  Progress (1): 1.0/1.1 MB
2026.05.16 18:04:37 INFO  Progress (1): 1.0/1.1 MB
2026.05.16 18:04:37 INFO  Progress (1): 1.0/1.1 MB
2026.05.16 18:04:37 INFO  Progress (1): 1.0/1.1 MB
2026.05.16 18:04:37 INFO  Progress (1): 1.0/1.1 MB
2026.05.16 18:04:37 INFO  Progress (1): 1.1/1.1 MB
2026.05.16 18:04:37 INFO  Progress (1): 1.1/1.1 MB
2026.05.16 18:04:37 INFO  Progress (1): 1.1/1.1 MB
2026.05.16 18:04:37 INFO  Progress (1): 1.1/1.1 MB
2026.05.16 18:04:37 INFO  Progress (1): 1.1/1.1 MB
2026.05.16 18:04:37 INFO  Progress (1): 1.1 MB    
2026.05.16 18:04:37 INFO                      
2026.05.16 18:04:37 INFO  Downloaded from central: https://repo.maven.apache.org/maven2/org/springframework/spring-context/7.0.6/spring-context-7.0.6-sources.jar (1.1 MB at 2.7 MB/s)
2026.05.16 18:04:37 INFO  [INFO] SUCCESS: org.springframework:spring-context:jar:7.0.6:compile (sources = true)
2026.05.16 18:04:37 INFO  [INFO] Resolving artifact: org.springframework.boot:spring-boot-webmvc:jar:4.0.5:compile (sources = false)
2026.05.16 18:04:37 INFO  [INFO] SUCCESS: org.springframework.boot:spring-boot-webmvc:jar:4.0.5:compile (sources = false)
2026.05.16 18:04:37 INFO  [INFO] Resolving artifact: org.springframework.boot:spring-boot-webmvc:jar:4.0.5:compile (sources = true)
2026.05.16 18:04:37 INFO  Downloading from central: https://repo.maven.apache.org/maven2/org/springframework/boot/spring-boot-webmvc/4.0.5/spring-boot-webmvc-4.0.5-sources.jar
2026.05.16 18:04:37 INFO  Progress (1): 7.7/89 kB
2026.05.16 18:04:37 INFO  Progress (1): 16/89 kB 
2026.05.16 18:04:37 INFO  Progress (1): 16/89 kB
2026.05.16 18:04:37 INFO  Progress (1): 25/89 kB
2026.05.16 18:04:37 INFO  Progress (1): 41/89 kB
2026.05.16 18:04:37 INFO  Progress (1): 57/89 kB
2026.05.16 18:04:37 INFO  Progress (1): 66/89 kB
2026.05.16 18:04:37 INFO  Progress (1): 82/89 kB
2026.05.16 18:04:37 INFO  Progress (1): 89 kB   
2026.05.16 18:04:37 INFO                     
2026.05.16 18:04:37 INFO  Downloaded from central: https://repo.maven.apache.org/maven2/org/springframework/boot/spring-boot-webmvc/4.0.5/spring-boot-webmvc-4.0.5-sources.jar (89 kB at 581 kB/s)
2026.05.16 18:04:37 INFO  [INFO] SUCCESS: org.springframework.boot:spring-boot-webmvc:jar:4.0.5:compile (sources = true)
2026.05.16 18:04:37 INFO  [INFO] Resolving artifact: org.thymeleaf:thymeleaf:jar:3.1.3.RELEASE:compile (sources = false)
2026.05.16 18:04:37 INFO  [INFO] SUCCESS: org.thymeleaf:thymeleaf:jar:3.1.3.RELEASE:compile (sources = false)
2026.05.16 18:04:37 INFO  [INFO] Resolving artifact: org.thymeleaf:thymeleaf:jar:3.1.3.RELEASE:compile (sources = true)
2026.05.16 18:04:37 INFO  Downloading from central: https://repo.maven.apache.org/maven2/org/thymeleaf/thymeleaf/3.1.3.RELEASE/thymeleaf-3.1.3.RELEASE-sources.jar
2026.05.16 18:04:37 INFO  Progress (1): 7.7/864 kB
2026.05.16 18:04:37 INFO  Progress (1): 8.2/864 kB
2026.05.16 18:04:37 INFO  Progress (1): 25/864 kB 
2026.05.16 18:04:37 INFO  Progress (1): 41/864 kB
2026.05.16 18:04:37 INFO  Progress (1): 57/864 kB
2026.05.16 18:04:37 INFO  Progress (1): 74/864 kB
2026.05.16 18:04:37 INFO  Progress (1): 90/864 kB
2026.05.16 18:04:37 INFO  Progress (1): 106/864 kB
2026.05.16 18:04:37 INFO  Progress (1): 123/864 kB
2026.05.16 18:04:37 INFO  Progress (1): 131/864 kB
2026.05.16 18:04:37 INFO  Progress (1): 139/864 kB
2026.05.16 18:04:37 INFO  Progress (1): 156/864 kB
2026.05.16 18:04:37 INFO  Progress (1): 164/864 kB
2026.05.16 18:04:37 INFO  Progress (1): 172/864 kB
2026.05.16 18:04:37 INFO  Progress (1): 180/864 kB
2026.05.16 18:04:37 INFO  Progress (1): 197/864 kB
2026.05.16 18:04:37 INFO  Progress (1): 213/864 kB
2026.05.16 18:04:37 INFO  Progress (1): 229/864 kB
2026.05.16 18:04:37 INFO  Progress (1): 246/864 kB
2026.05.16 18:04:37 INFO  Progress (1): 254/864 kB
2026.05.16 18:04:37 INFO  Progress (1): 262/864 kB
2026.05.16 18:04:37 INFO  Progress (1): 270/864 kB
2026.05.16 18:04:37 INFO  Progress (1): 287/864 kB
2026.05.16 18:04:37 INFO  Progress (1): 303/864 kB
2026.05.16 18:04:37 INFO  Progress (1): 319/864 kB
2026.05.16 18:04:37 INFO  Progress (1): 336/864 kB
2026.05.16 18:04:37 INFO  Progress (1): 352/864 kB
2026.05.16 18:04:37 INFO  Progress (1): 369/864 kB
2026.05.16 18:04:37 INFO  Progress (1): 385/864 kB
2026.05.16 18:04:37 INFO  Progress (1): 401/864 kB
2026.05.16 18:04:37 INFO  Progress (1): 410/864 kB
2026.05.16 18:04:37 INFO  Progress (1): 426/864 kB
2026.05.16 18:04:37 INFO  Progress (1): 442/864 kB
2026.05.16 18:04:37 INFO  Progress (1): 451/864 kB
2026.05.16 18:04:37 INFO  Progress (1): 467/864 kB
2026.05.16 18:04:37 INFO  Progress (1): 483/864 kB
2026.05.16 18:04:37 INFO  Progress (1): 500/864 kB
2026.05.16 18:04:37 INFO  Progress (1): 516/864 kB
2026.05.16 18:04:37 INFO  Progress (1): 532/864 kB
2026.05.16 18:04:37 INFO  Progress (1): 549/864 kB
2026.05.16 18:04:37 INFO  Progress (1): 565/864 kB
2026.05.16 18:04:37 INFO  Progress (1): 582/864 kB
2026.05.16 18:04:37 INFO  Progress (1): 598/864 kB
2026.05.16 18:04:37 INFO  Progress (1): 614/864 kB
2026.05.16 18:04:37 INFO  Progress (1): 631/864 kB
2026.05.16 18:04:37 INFO  Progress (1): 647/864 kB
2026.05.16 18:04:37 INFO  Progress (1): 664/864 kB
2026.05.16 18:04:37 INFO  Progress (1): 680/864 kB
2026.05.16 18:04:37 INFO  Progress (1): 696/864 kB
2026.05.16 18:04:37 INFO  Progress (1): 713/864 kB
2026.05.16 18:04:37 INFO  Progress (1): 729/864 kB
2026.05.16 18:04:37 INFO  Progress (1): 745/864 kB
2026.05.16 18:04:37 INFO  Progress (1): 762/864 kB
2026.05.16 18:04:37 INFO  Progress (1): 778/864 kB
2026.05.16 18:04:37 INFO  Progress (1): 795/864 kB
2026.05.16 18:04:37 INFO  Progress (1): 811/864 kB
2026.05.16 18:04:37 INFO  Progress (1): 827/864 kB
2026.05.16 18:04:37 INFO  Progress (1): 844/864 kB
2026.05.16 18:04:37 INFO  Progress (1): 860/864 kB
2026.05.16 18:04:37 INFO  Progress (1): 864 kB    
2026.05.16 18:04:37 INFO                      
2026.05.16 18:04:37 INFO  Downloaded from central: https://repo.maven.apache.org/maven2/org/thymeleaf/thymeleaf/3.1.3.RELEASE/thymeleaf-3.1.3.RELEASE-sources.jar (864 kB at 2.8 MB/s)
2026.05.16 18:04:37 INFO  [INFO] SUCCESS: org.thymeleaf:thymeleaf:jar:3.1.3.RELEASE:compile (sources = true)
2026.05.16 18:04:37 INFO  [INFO] Resolving artifact: org.slf4j:jul-to-slf4j:jar:2.0.17:compile (sources = false)
2026.05.16 18:04:38 INFO  [INFO] SUCCESS: org.slf4j:jul-to-slf4j:jar:2.0.17:compile (sources = false)
2026.05.16 18:04:38 INFO  [INFO] Resolving artifact: org.slf4j:jul-to-slf4j:jar:2.0.17:compile (sources = true)
2026.05.16 18:04:38 INFO  [INFO] SUCCESS: org.slf4j:jul-to-slf4j:jar:2.0.17:compile (sources = true)
2026.05.16 18:04:38 INFO  [INFO] Resolving artifact: org.hibernate.orm:hibernate-core:jar:7.2.7.Final:compile (sources = false)
2026.05.16 18:04:38 INFO  [INFO] SUCCESS: org.hibernate.orm:hibernate-core:jar:7.2.7.Final:compile (sources = false)
2026.05.16 18:04:38 INFO  [INFO] Resolving artifact: org.hibernate.orm:hibernate-core:jar:7.2.7.Final:compile (sources = true)
2026.05.16 18:04:38 INFO  Downloading from central: https://repo.maven.apache.org/maven2/org/hibernate/orm/hibernate-core/7.2.7.Final/hibernate-core-7.2.7.Final-sources.jar
2026.05.16 18:04:38 INFO  Progress (1): 0/8.1 MB
2026.05.16 18:04:38 INFO  Progress (1): 0/8.1 MB
2026.05.16 18:04:38 INFO  Progress (1): 0/8.1 MB
2026.05.16 18:04:38 INFO  Progress (1): 0/8.1 MB
2026.05.16 18:04:38 INFO  Progress (1): 0.1/8.1 MB
2026.05.16 18:04:38 INFO  Progress (1): 0.1/8.1 MB
2026.05.16 18:04:38 INFO  Progress (1): 0.1/8.1 MB
2026.05.16 18:04:38 INFO  Progress (1): 0.1/8.1 MB
2026.05.16 18:04:38 INFO  Progress (1): 0.1/8.1 MB
2026.05.16 18:04:38 INFO  Progress (1): 0.1/8.1 MB
2026.05.16 18:04:38 INFO  Progress (1): 0.1/8.1 MB
2026.05.16 18:04:38 INFO  Progress (1): 0.2/8.1 MB
2026.05.16 18:04:38 INFO  Progress (1): 0.2/8.1 MB
2026.05.16 18:04:38 INFO  Progress (1): 0.2/8.1 MB
2026.05.16 18:04:38 INFO  Progress (1): 0.2/8.1 MB
2026.05.16 18:04:38 INFO  Progress (1): 0.2/8.1 MB
2026.05.16 18:04:38 INFO  Progress (1): 0.2/8.1 MB
2026.05.16 18:04:38 INFO  Progress (1): 0.3/8.1 MB
2026.05.16 18:04:38 INFO  Progress (1): 0.3/8.1 MB
2026.05.16 18:04:38 INFO  Progress (1): 0.3/8.1 MB
2026.05.16 18:04:38 INFO  Progress (1): 0.3/8.1 MB
2026.05.16 18:04:38 INFO  Progress (1): 0.3/8.1 MB
2026.05.16 18:04:38 INFO  Progress (1): 0.3/8.1 MB
2026.05.16 18:04:38 INFO  Progress (1): 0.3/8.1 MB
2026.05.16 18:04:38 INFO  Progress (1): 0.3/8.1 MB
2026.05.16 18:04:38 INFO  Progress (1): 0.4/8.1 MB
2026.05.16 18:04:38 INFO  Progress (1): 0.4/8.1 MB
2026.05.16 18:04:38 INFO  Progress (1): 0.4/8.1 MB
2026.05.16 18:04:38 INFO  Progress (1): 0.4/8.1 MB
2026.05.16 18:04:38 INFO  Progress (1): 0.4/8.1 MB
2026.05.16 18:04:38 INFO  Progress (1): 0.4/8.1 MB
2026.05.16 18:04:38 INFO  Progress (1): 0.4/8.1 MB
2026.05.16 18:04:38 INFO  Progress (1): 0.4/8.1 MB
2026.05.16 18:04:38 INFO  Progress (1): 0.5/8.1 MB
2026.05.16 18:04:38 INFO  Progress (1): 0.5/8.1 MB
2026.05.16 18:04:38 INFO  Progress (1): 0.5/8.1 MB
2026.05.16 18:04:38 INFO  Progress (1): 0.5/8.1 MB
2026.05.16 18:04:38 INFO  Progress (1): 0.5/8.1 MB
2026.05.16 18:04:38 INFO  Progress (1): 0.5/8.1 MB
2026.05.16 18:04:38 INFO  Progress (1): 0.5/8.1 MB
2026.05.16 18:04:38 INFO  Progress (1): 0.5/8.1 MB
2026.05.16 18:04:38 INFO  Progress (1): 0.6/8.1 MB
2026.05.16 18:04:38 INFO  Progress (1): 0.6/8.1 MB
2026.05.16 18:04:38 INFO  Progress (1): 0.6/8.1 MB
2026.05.16 18:04:38 INFO  Progress (1): 0.6/8.1 MB
2026.05.16 18:04:38 INFO  Progress (1): 0.6/8.1 MB
2026.05.16 18:04:38 INFO  Progress (1): 0.6/8.1 MB
2026.05.16 18:04:38 INFO  Progress (1): 0.7/8.1 MB
2026.05.16 18:04:38 INFO  Progress (1): 0.7/8.1 MB
2026.05.16 18:04:38 INFO  Progress (1): 0.7/8.1 MB
2026.05.16 18:04:38 INFO  Progress (1): 0.7/8.1 MB
2026.05.16 18:04:38 INFO  Progress (1): 0.7/8.1 MB
2026.05.16 18:04:38 INFO  Progress (1): 0.7/8.1 MB
2026.05.16 18:04:38 INFO  Progress (1): 0.8/8.1 MB
2026.05.16 18:04:38 INFO  Progress (1): 0.8/8.1 MB
2026.05.16 18:04:38 INFO  Progress (1): 0.8/8.1 MB
2026.05.16 18:04:38 INFO  Progress (1): 0.8/8.1 MB
2026.05.16 18:04:38 INFO  Progress (1): 0.8/8.1 MB
2026.05.16 18:04:38 INFO  Progress (1): 0.8/8.1 MB
2026.05.16 18:04:38 INFO  Progress (1): 0.9/8.1 MB
2026.05.16 18:04:38 INFO  Progress (1): 0.9/8.1 MB
2026.05.16 18:04:38 INFO  Progress (1): 0.9/8.1 MB
2026.05.16 18:04:38 INFO  Progress (1): 0.9/8.1 MB
2026.05.16 18:04:38 INFO  Progress (1): 0.9/8.1 MB
2026.05.16 18:04:38 INFO  Progress (1): 0.9/8.1 MB
2026.05.16 18:04:38 INFO  Progress (1): 1.0/8.1 MB
2026.05.16 18:04:38 INFO  Progress (1): 1.0/8.1 MB
2026.05.16 18:04:38 INFO  Progress (1): 1.0/8.1 MB
2026.05.16 18:04:38 INFO  Progress (1): 1.0/8.1 MB
2026.05.16 18:04:38 INFO  Progress (1): 1.0/8.1 MB
2026.05.16 18:04:38 INFO  Progress (1): 1.0/8.1 MB
2026.05.16 18:04:38 INFO  Progress (1): 1.0/8.1 MB
2026.05.16 18:04:38 INFO  Progress (1): 1.1/8.1 MB
2026.05.16 18:04:38 INFO  Progress (1): 1.1/8.1 MB
2026.05.16 18:04:38 INFO  Progress (1): 1.1/8.1 MB
2026.05.16 18:04:38 INFO  Progress (1): 1.1/8.1 MB
2026.05.16 18:04:38 INFO  Progress (1): 1.1/8.1 MB
2026.05.16 18:04:38 INFO  Progress (1): 1.1/8.1 MB
2026.05.16 18:04:38 INFO  Progress (1): 1.1/8.1 MB
2026.05.16 18:04:38 INFO  Progress (1): 1.2/8.1 MB
2026.05.16 18:04:38 INFO  Progress (1): 1.2/8.1 MB
2026.05.16 18:04:38 INFO  Progress (1): 1.2/8.1 MB
2026.05.16 18:04:38 INFO  Progress (1): 1.2/8.1 MB
2026.05.16 18:04:38 INFO  Progress (1): 1.2/8.1 MB
2026.05.16 18:04:38 INFO  Progress (1): 1.2/8.1 MB
2026.05.16 18:04:38 INFO  Progress (1): 1.3/8.1 MB
2026.05.16 18:04:38 INFO  Progress (1): 1.3/8.1 MB
2026.05.16 18:04:38 INFO  Progress (1): 1.3/8.1 MB
2026.05.16 18:04:38 INFO  Progress (1): 1.3/8.1 MB
2026.05.16 18:04:38 INFO  Progress (1): 1.3/8.1 MB
2026.05.16 18:04:38 INFO  Progress (1): 1.3/8.1 MB
2026.05.16 18:04:38 INFO  Progress (1): 1.4/8.1 MB
2026.05.16 18:04:38 INFO  Progress (1): 1.4/8.1 MB
2026.05.16 18:04:38 INFO  Progress (1): 1.4/8.1 MB
2026.05.16 18:04:38 INFO  Progress (1): 1.4/8.1 MB
2026.05.16 18:04:38 INFO  Progress (1): 1.4/8.1 MB
2026.05.16 18:04:38 INFO  Progress (1): 1.4/8.1 MB
2026.05.16 18:04:38 INFO  Progress (1): 1.5/8.1 MB
2026.05.16 18:04:38 INFO  Progress (1): 1.5/8.1 MB
2026.05.16 18:04:38 INFO  Progress (1): 1.5/8.1 MB
2026.05.16 18:04:38 INFO  Progress (1): 1.5/8.1 MB
2026.05.16 18:04:38 INFO  Progress (1): 1.5/8.1 MB
2026.05.16 18:04:38 INFO  Progress (1): 1.5/8.1 MB
2026.05.16 18:04:38 INFO  Progress (1): 1.6/8.1 MB
2026.05.16 18:04:38 INFO  Progress (1): 1.6/8.1 MB
2026.05.16 18:04:38 INFO  Progress (1): 1.6/8.1 MB
2026.05.16 18:04:38 INFO  Progress (1): 1.6/8.1 MB
2026.05.16 18:04:38 INFO  Progress (1): 1.6/8.1 MB
2026.05.16 18:04:38 INFO  Progress (1): 1.6/8.1 MB
2026.05.16 18:04:38 INFO  Progress (1): 1.7/8.1 MB
2026.05.16 18:04:38 INFO  Progress (1): 1.7/8.1 MB
2026.05.16 18:04:38 INFO  Progress (1): 1.7/8.1 MB
2026.05.16 18:04:38 INFO  Progress (1): 1.7/8.1 MB
2026.05.16 18:04:38 INFO  Progress (1): 1.7/8.1 MB
2026.05.16 18:04:38 INFO  Progress (1): 1.7/8.1 MB
2026.05.16 18:04:38 INFO  Progress (1): 1.8/8.1 MB
2026.05.16 18:04:38 INFO  Progress (1): 1.8/8.1 MB
2026.05.16 18:04:38 INFO  Progress (1): 1.8/8.1 MB
2026.05.16 18:04:38 INFO  Progress (1): 1.8/8.1 MB
2026.05.16 18:04:38 INFO  Progress (1): 1.8/8.1 MB
2026.05.16 18:04:38 INFO  Progress (1): 1.8/8.1 MB
2026.05.16 18:04:38 INFO  Progress (1): 1.9/8.1 MB
2026.05.16 18:04:38 INFO  Progress (1): 1.9/8.1 MB
2026.05.16 18:04:38 INFO  Progress (1): 1.9/8.1 MB
2026.05.16 18:04:38 INFO  Progress (1): 1.9/8.1 MB
2026.05.16 18:04:38 INFO  Progress (1): 1.9/8.1 MB
2026.05.16 18:04:38 INFO  Progress (1): 1.9/8.1 MB
2026.05.16 18:04:38 INFO  Progress (1): 2.0/8.1 MB
2026.05.16 18:04:38 INFO  Progress (1): 2.0/8.1 MB
2026.05.16 18:04:38 INFO  Progress (1): 2.0/8.1 MB
2026.05.16 18:04:38 INFO  Progress (1): 2.0/8.1 MB
2026.05.16 18:04:38 INFO  Progress (1): 2.0/8.1 MB
2026.05.16 18:04:38 INFO  Progress (1): 2.0/8.1 MB
2026.05.16 18:04:38 INFO  Progress (1): 2.0/8.1 MB
2026.05.16 18:04:38 INFO  Progress (1): 2.1/8.1 MB
2026.05.16 18:04:38 INFO  Progress (1): 2.1/8.1 MB
2026.05.16 18:04:38 INFO  Progress (1): 2.1/8.1 MB
2026.05.16 18:04:38 INFO  Progress (1): 2.1/8.1 MB
2026.05.16 18:04:38 INFO  Progress (1): 2.1/8.1 MB
2026.05.16 18:04:38 INFO  Progress (1): 2.1/8.1 MB
2026.05.16 18:04:38 INFO  Progress (1): 2.2/8.1 MB
2026.05.16 18:04:38 INFO  Progress (1): 2.2/8.1 MB
2026.05.16 18:04:38 INFO  Progress (1): 2.2/8.1 MB
2026.05.16 18:04:38 INFO  Progress (1): 2.2/8.1 MB
2026.05.16 18:04:38 INFO  Progress (1): 2.2/8.1 MB
2026.05.16 18:04:38 INFO  Progress (1): 2.2/8.1 MB
2026.05.16 18:04:38 INFO  Progress (1): 2.3/8.1 MB
2026.05.16 18:04:38 INFO  Progress (1): 2.3/8.1 MB
2026.05.16 18:04:38 INFO  Progress (1): 2.3/8.1 MB
2026.05.16 18:04:38 INFO  Progress (1): 2.3/8.1 MB
2026.05.16 18:04:38 INFO  Progress (1): 2.3/8.1 MB
2026.05.16 18:04:38 INFO  Progress (1): 2.3/8.1 MB
2026.05.16 18:04:38 INFO  Progress (1): 2.4/8.1 MB
2026.05.16 18:04:38 INFO  Progress (1): 2.4/8.1 MB
2026.05.16 18:04:38 INFO  Progress (1): 2.4/8.1 MB
2026.05.16 18:04:38 INFO  Progress (1): 2.4/8.1 MB
2026.05.16 18:04:38 INFO  Progress (1): 2.4/8.1 MB
2026.05.16 18:04:38 INFO  Progress (1): 2.4/8.1 MB
2026.05.16 18:04:38 INFO  Progress (1): 2.5/8.1 MB
2026.05.16 18:04:38 INFO  Progress (1): 2.5/8.1 MB
2026.05.16 18:04:38 INFO  Progress (1): 2.5/8.1 MB
2026.05.16 18:04:38 INFO  Progress (1): 2.5/8.1 MB
2026.05.16 18:04:38 INFO  Progress (1): 2.5/8.1 MB
2026.05.16 18:04:38 INFO  Progress (1): 2.5/8.1 MB
2026.05.16 18:04:38 INFO  Progress (1): 2.6/8.1 MB
2026.05.16 18:04:38 INFO  Progress (1): 2.6/8.1 MB
2026.05.16 18:04:38 INFO  Progress (1): 2.6/8.1 MB
2026.05.16 18:04:38 INFO  Progress (1): 2.6/8.1 MB
2026.05.16 18:04:38 INFO  Progress (1): 2.6/8.1 MB
2026.05.16 18:04:38 INFO  Progress (1): 2.6/8.1 MB
2026.05.16 18:04:38 INFO  Progress (1): 2.7/8.1 MB
2026.05.16 18:04:38 INFO  Progress (1): 2.7/8.1 MB
2026.05.16 18:04:38 INFO  Progress (1): 2.7/8.1 MB
2026.05.16 18:04:38 INFO  Progress (1): 2.7/8.1 MB
2026.05.16 18:04:38 INFO  Progress (1): 2.7/8.1 MB
2026.05.16 18:04:38 INFO  Progress (1): 2.7/8.1 MB
2026.05.16 18:04:38 INFO  Progress (1): 2.7/8.1 MB
2026.05.16 18:04:38 INFO  Progress (1): 2.8/8.1 MB
2026.05.16 18:04:38 INFO  Progress (1): 2.8/8.1 MB
2026.05.16 18:04:38 INFO  Progress (1): 2.8/8.1 MB
2026.05.16 18:04:38 INFO  Progress (1): 2.8/8.1 MB
2026.05.16 18:04:38 INFO  Progress (1): 2.8/8.1 MB
2026.05.16 18:04:38 INFO  Progress (1): 2.8/8.1 MB
2026.05.16 18:04:38 INFO  Progress (1): 2.9/8.1 MB
2026.05.16 18:04:38 INFO  Progress (1): 2.9/8.1 MB
2026.05.16 18:04:38 INFO  Progress (1): 2.9/8.1 MB
2026.05.16 18:04:38 INFO  Progress (1): 2.9/8.1 MB
2026.05.16 18:04:38 INFO  Progress (1): 2.9/8.1 MB
2026.05.16 18:04:38 INFO  Progress (1): 2.9/8.1 MB
2026.05.16 18:04:38 INFO  Progress (1): 3.0/8.1 MB
2026.05.16 18:04:38 INFO  Progress (1): 3.0/8.1 MB
2026.05.16 18:04:38 INFO  Progress (1): 3.0/8.1 MB
2026.05.16 18:04:38 INFO  Progress (1): 3.0/8.1 MB
2026.05.16 18:04:38 INFO  Progress (1): 3.0/8.1 MB
2026.05.16 18:04:38 INFO  Progress (1): 3.0/8.1 MB
2026.05.16 18:04:38 INFO  Progress (1): 3.1/8.1 MB
2026.05.16 18:04:38 INFO  Progress (1): 3.1/8.1 MB
2026.05.16 18:04:38 INFO  Progress (1): 3.1/8.1 MB
2026.05.16 18:04:38 INFO  Progress (1): 3.1/8.1 MB
2026.05.16 18:04:38 INFO  Progress (1): 3.1/8.1 MB
2026.05.16 18:04:38 INFO  Progress (1): 3.1/8.1 MB
2026.05.16 18:04:38 INFO  Progress (1): 3.2/8.1 MB
2026.05.16 18:04:38 INFO  Progress (1): 3.2/8.1 MB
2026.05.16 18:04:38 INFO  Progress (1): 3.2/8.1 MB
2026.05.16 18:04:38 INFO  Progress (1): 3.2/8.1 MB
2026.05.16 18:04:38 INFO  Progress (1): 3.2/8.1 MB
2026.05.16 18:04:38 INFO  Progress (1): 3.2/8.1 MB
2026.05.16 18:04:38 INFO  Progress (1): 3.3/8.1 MB
2026.05.16 18:04:38 INFO  Progress (1): 3.3/8.1 MB
2026.05.16 18:04:38 INFO  Progress (1): 3.3/8.1 MB
2026.05.16 18:04:38 INFO  Progress (1): 3.3/8.1 MB
2026.05.16 18:04:38 INFO  Progress (1): 3.3/8.1 MB
2026.05.16 18:04:38 INFO  Progress (1): 3.3/8.1 MB
2026.05.16 18:04:38 INFO  Progress (1): 3.4/8.1 MB
2026.05.16 18:04:38 INFO  Progress (1): 3.4/8.1 MB
2026.05.16 18:04:38 INFO  Progress (1): 3.4/8.1 MB
2026.05.16 18:04:38 INFO  Progress (1): 3.4/8.1 MB
2026.05.16 18:04:38 INFO  Progress (1): 3.4/8.1 MB
2026.05.16 18:04:38 INFO  Progress (1): 3.4/8.1 MB
2026.05.16 18:04:38 INFO  Progress (1): 3.5/8.1 MB
2026.05.16 18:04:38 INFO  Progress (1): 3.5/8.1 MB
2026.05.16 18:04:38 INFO  Progress (1): 3.5/8.1 MB
2026.05.16 18:04:38 INFO  Progress (1): 3.5/8.1 MB
2026.05.16 18:04:38 INFO  Progress (1): 3.5/8.1 MB
2026.05.16 18:04:38 INFO  Progress (1): 3.5/8.1 MB
2026.05.16 18:04:38 INFO  Progress (1): 3.6/8.1 MB
2026.05.16 18:04:38 INFO  Progress (1): 3.6/8.1 MB
2026.05.16 18:04:38 INFO  Progress (1): 3.6/8.1 MB
2026.05.16 18:04:38 INFO  Progress (1): 3.6/8.1 MB
2026.05.16 18:04:38 INFO  Progress (1): 3.6/8.1 MB
2026.05.16 18:04:38 INFO  Progress (1): 3.6/8.1 MB
2026.05.16 18:04:38 INFO  Progress (1): 3.6/8.1 MB
2026.05.16 18:04:38 INFO  Progress (1): 3.7/8.1 MB
2026.05.16 18:04:38 INFO  Progress (1): 3.7/8.1 MB
2026.05.16 18:04:38 INFO  Progress (1): 3.7/8.1 MB
2026.05.16 18:04:38 INFO  Progress (1): 3.7/8.1 MB
2026.05.16 18:04:38 INFO  Progress (1): 3.7/8.1 MB
2026.05.16 18:04:38 INFO  Progress (1): 3.7/8.1 MB
2026.05.16 18:04:38 INFO  Progress (1): 3.8/8.1 MB
2026.05.16 18:04:38 INFO  Progress (1): 3.8/8.1 MB
2026.05.16 18:04:38 INFO  Progress (1): 3.8/8.1 MB
2026.05.16 18:04:38 INFO  Progress (1): 3.8/8.1 MB
2026.05.16 18:04:38 INFO  Progress (1): 3.8/8.1 MB
2026.05.16 18:04:38 INFO  Progress (1): 3.8/8.1 MB
2026.05.16 18:04:38 INFO  Progress (1): 3.9/8.1 MB
2026.05.16 18:04:38 INFO  Progress (1): 3.9/8.1 MB
2026.05.16 18:04:38 INFO  Progress (1): 3.9/8.1 MB
2026.05.16 18:04:38 INFO  Progress (1): 3.9/8.1 MB
2026.05.16 18:04:38 INFO  Progress (1): 3.9/8.1 MB
2026.05.16 18:04:38 INFO  Progress (1): 3.9/8.1 MB
2026.05.16 18:04:38 INFO  Progress (1): 4.0/8.1 MB
2026.05.16 18:04:39 INFO  Progress (1): 4.0/8.1 MB
2026.05.16 18:04:39 INFO  Progress (1): 4.0/8.1 MB
2026.05.16 18:04:39 INFO  Progress (1): 4.0/8.1 MB
2026.05.16 18:04:39 INFO  Progress (1): 4.0/8.1 MB
2026.05.16 18:04:39 INFO  Progress (1): 4.0/8.1 MB
2026.05.16 18:04:39 INFO  Progress (1): 4.1/8.1 MB
2026.05.16 18:04:39 INFO  Progress (1): 4.1/8.1 MB
2026.05.16 18:04:39 INFO  Progress (1): 4.1/8.1 MB
2026.05.16 18:04:39 INFO  Progress (1): 4.1/8.1 MB
2026.05.16 18:04:39 INFO  Progress (1): 4.1/8.1 MB
2026.05.16 18:04:39 INFO  Progress (1): 4.1/8.1 MB
2026.05.16 18:04:39 INFO  Progress (1): 4.2/8.1 MB
2026.05.16 18:04:39 INFO  Progress (1): 4.2/8.1 MB
2026.05.16 18:04:39 INFO  Progress (1): 4.2/8.1 MB
2026.05.16 18:04:39 INFO  Progress (1): 4.2/8.1 MB
2026.05.16 18:04:39 INFO  Progress (1): 4.2/8.1 MB
2026.05.16 18:04:39 INFO  Progress (1): 4.2/8.1 MB
2026.05.16 18:04:39 INFO  Progress (1): 4.3/8.1 MB
2026.05.16 18:04:39 INFO  Progress (1): 4.3/8.1 MB
2026.05.16 18:04:39 INFO  Progress (1): 4.3/8.1 MB
2026.05.16 18:04:39 INFO  Progress (1): 4.3/8.1 MB
2026.05.16 18:04:39 INFO  Progress (1): 4.3/8.1 MB
2026.05.16 18:04:39 INFO  Progress (1): 4.3/8.1 MB
2026.05.16 18:04:39 INFO  Progress (1): 4.3/8.1 MB
2026.05.16 18:04:39 INFO  Progress (1): 4.4/8.1 MB
2026.05.16 18:04:39 INFO  Progress (1): 4.4/8.1 MB
2026.05.16 18:04:39 INFO  Progress (1): 4.4/8.1 MB
2026.05.16 18:04:39 INFO  Progress (1): 4.4/8.1 MB
2026.05.16 18:04:39 INFO  Progress (1): 4.4/8.1 MB
2026.05.16 18:04:39 INFO  Progress (1): 4.4/8.1 MB
2026.05.16 18:04:39 INFO  Progress (1): 4.5/8.1 MB
2026.05.16 18:04:39 INFO  Progress (1): 4.5/8.1 MB
2026.05.16 18:04:39 INFO  Progress (1): 4.5/8.1 MB
2026.05.16 18:04:39 INFO  Progress (1): 4.5/8.1 MB
2026.05.16 18:04:39 INFO  Progress (1): 4.5/8.1 MB
2026.05.16 18:04:39 INFO  Progress (1): 4.5/8.1 MB
2026.05.16 18:04:39 INFO  Progress (1): 4.6/8.1 MB
2026.05.16 18:04:39 INFO  Progress (1): 4.6/8.1 MB
2026.05.16 18:04:39 INFO  Progress (1): 4.6/8.1 MB
2026.05.16 18:04:39 INFO  Progress (1): 4.6/8.1 MB
2026.05.16 18:04:39 INFO  Progress (1): 4.6/8.1 MB
2026.05.16 18:04:39 INFO  Progress (1): 4.6/8.1 MB
2026.05.16 18:04:39 INFO  Progress (1): 4.6/8.1 MB
2026.05.16 18:04:39 INFO  Progress (1): 4.7/8.1 MB
2026.05.16 18:04:39 INFO  Progress (1): 4.7/8.1 MB
2026.05.16 18:04:39 INFO  Progress (1): 4.7/8.1 MB
2026.05.16 18:04:39 INFO  Progress (1): 4.7/8.1 MB
2026.05.16 18:04:39 INFO  Progress (1): 4.7/8.1 MB
2026.05.16 18:04:39 INFO  Progress (1): 4.7/8.1 MB
2026.05.16 18:04:39 INFO  Progress (1): 4.8/8.1 MB
2026.05.16 18:04:39 INFO  Progress (1): 4.8/8.1 MB
2026.05.16 18:04:39 INFO  Progress (1): 4.8/8.1 MB
2026.05.16 18:04:39 INFO  Progress (1): 4.8/8.1 MB
2026.05.16 18:04:39 INFO  Progress (1): 4.8/8.1 MB
2026.05.16 18:04:39 INFO  Progress (1): 4.8/8.1 MB
2026.05.16 18:04:39 INFO  Progress (1): 4.9/8.1 MB
2026.05.16 18:04:39 INFO  Progress (1): 4.9/8.1 MB
2026.05.16 18:04:39 INFO  Progress (1): 4.9/8.1 MB
2026.05.16 18:04:39 INFO  Progress (1): 4.9/8.1 MB
2026.05.16 18:04:39 INFO  Progress (1): 4.9/8.1 MB
2026.05.16 18:04:39 INFO  Progress (1): 4.9/8.1 MB
2026.05.16 18:04:39 INFO  Progress (1): 5.0/8.1 MB
2026.05.16 18:04:39 INFO  Progress (1): 5.0/8.1 MB
2026.05.16 18:04:39 INFO  Progress (1): 5.0/8.1 MB
2026.05.16 18:04:39 INFO  Progress (1): 5.0/8.1 MB
2026.05.16 18:04:39 INFO  Progress (1): 5.0/8.1 MB
2026.05.16 18:04:39 INFO  Progress (1): 5.0/8.1 MB
2026.05.16 18:04:39 INFO  Progress (1): 5.1/8.1 MB
2026.05.16 18:04:39 INFO  Progress (1): 5.1/8.1 MB
2026.05.16 18:04:39 INFO  Progress (1): 5.1/8.1 MB
2026.05.16 18:04:39 INFO  Progress (1): 5.1/8.1 MB
2026.05.16 18:04:39 INFO  Progress (1): 5.1/8.1 MB
2026.05.16 18:04:39 INFO  Progress (1): 5.1/8.1 MB
2026.05.16 18:04:39 INFO  Progress (1): 5.2/8.1 MB
2026.05.16 18:04:39 INFO  Progress (1): 5.2/8.1 MB
2026.05.16 18:04:39 INFO  Progress (1): 5.2/8.1 MB
2026.05.16 18:04:39 INFO  Progress (1): 5.2/8.1 MB
2026.05.16 18:04:39 INFO  Progress (1): 5.2/8.1 MB
2026.05.16 18:04:39 INFO  Progress (1): 5.2/8.1 MB
2026.05.16 18:04:39 INFO  Progress (1): 5.2/8.1 MB
2026.05.16 18:04:39 INFO  Progress (1): 5.3/8.1 MB
2026.05.16 18:04:39 INFO  Progress (1): 5.3/8.1 MB
2026.05.16 18:04:39 INFO  Progress (1): 5.3/8.1 MB
2026.05.16 18:04:39 INFO  Progress (1): 5.3/8.1 MB
2026.05.16 18:04:39 INFO  Progress (1): 5.3/8.1 MB
2026.05.16 18:04:39 INFO  Progress (1): 5.3/8.1 MB
2026.05.16 18:04:39 INFO  Progress (1): 5.4/8.1 MB
2026.05.16 18:04:39 INFO  Progress (1): 5.4/8.1 MB
2026.05.16 18:04:39 INFO  Progress (1): 5.4/8.1 MB
2026.05.16 18:04:39 INFO  Progress (1): 5.4/8.1 MB
2026.05.16 18:04:39 INFO  Progress (1): 5.4/8.1 MB
2026.05.16 18:04:39 INFO  Progress (1): 5.4/8.1 MB
2026.05.16 18:04:39 INFO  Progress (1): 5.5/8.1 MB
2026.05.16 18:04:39 INFO  Progress (1): 5.5/8.1 MB
2026.05.16 18:04:39 INFO  Progress (1): 5.5/8.1 MB
2026.05.16 18:04:39 INFO  Progress (1): 5.5/8.1 MB
2026.05.16 18:04:39 INFO  Progress (1): 5.5/8.1 MB
2026.05.16 18:04:39 INFO  Progress (1): 5.5/8.1 MB
2026.05.16 18:04:39 INFO  Progress (1): 5.6/8.1 MB
2026.05.16 18:04:39 INFO  Progress (1): 5.6/8.1 MB
2026.05.16 18:04:39 INFO  Progress (1): 5.6/8.1 MB
2026.05.16 18:04:39 INFO  Progress (1): 5.6/8.1 MB
2026.05.16 18:04:39 INFO  Progress (1): 5.6/8.1 MB
2026.05.16 18:04:39 INFO  Progress (1): 5.6/8.1 MB
2026.05.16 18:04:39 INFO  Progress (1): 5.7/8.1 MB
2026.05.16 18:04:39 INFO  Progress (1): 5.7/8.1 MB
2026.05.16 18:04:39 INFO  Progress (1): 5.7/8.1 MB
2026.05.16 18:04:39 INFO  Progress (1): 5.7/8.1 MB
2026.05.16 18:04:39 INFO  Progress (1): 5.7/8.1 MB
2026.05.16 18:04:39 INFO  Progress (1): 5.7/8.1 MB
2026.05.16 18:04:39 INFO  Progress (1): 5.8/8.1 MB
2026.05.16 18:04:39 INFO  Progress (1): 5.8/8.1 MB
2026.05.16 18:04:39 INFO  Progress (1): 5.8/8.1 MB
2026.05.16 18:04:39 INFO  Progress (1): 5.8/8.1 MB
2026.05.16 18:04:39 INFO  Progress (1): 5.8/8.1 MB
2026.05.16 18:04:39 INFO  Progress (1): 5.8/8.1 MB
2026.05.16 18:04:39 INFO  Progress (1): 5.9/8.1 MB
2026.05.16 18:04:39 INFO  Progress (1): 5.9/8.1 MB
2026.05.16 18:04:39 INFO  Progress (1): 5.9/8.1 MB
2026.05.16 18:04:39 INFO  Progress (1): 5.9/8.1 MB
2026.05.16 18:04:39 INFO  Progress (1): 5.9/8.1 MB
2026.05.16 18:04:39 INFO  Progress (1): 5.9/8.1 MB
2026.05.16 18:04:39 INFO  Progress (1): 6.0/8.1 MB
2026.05.16 18:04:39 INFO  Progress (1): 6.0/8.1 MB
2026.05.16 18:04:39 INFO  Progress (1): 6.0/8.1 MB
2026.05.16 18:04:39 INFO  Progress (1): 6.0/8.1 MB
2026.05.16 18:04:39 INFO  Progress (1): 6.0/8.1 MB
2026.05.16 18:04:39 INFO  Progress (1): 6.0/8.1 MB
2026.05.16 18:04:39 INFO  Progress (1): 6.1/8.1 MB
2026.05.16 18:04:39 INFO  Progress (1): 6.1/8.1 MB
2026.05.16 18:04:39 INFO  Progress (1): 6.1/8.1 MB
2026.05.16 18:04:39 INFO  Progress (1): 6.1/8.1 MB
2026.05.16 18:04:39 INFO  Progress (1): 6.1/8.1 MB
2026.05.16 18:04:39 INFO  Progress (1): 6.1/8.1 MB
2026.05.16 18:04:39 INFO  Progress (1): 6.1/8.1 MB
2026.05.16 18:04:39 INFO  Progress (1): 6.2/8.1 MB
2026.05.16 18:04:39 INFO  Progress (1): 6.2/8.1 MB
2026.05.16 18:04:39 INFO  Progress (1): 6.2/8.1 MB
2026.05.16 18:04:39 INFO  Progress (1): 6.2/8.1 MB
2026.05.16 18:04:39 INFO  Progress (1): 6.2/8.1 MB
2026.05.16 18:04:39 INFO  Progress (1): 6.2/8.1 MB
2026.05.16 18:04:39 INFO  Progress (1): 6.3/8.1 MB
2026.05.16 18:04:39 INFO  Progress (1): 6.3/8.1 MB
2026.05.16 18:04:39 INFO  Progress (1): 6.3/8.1 MB
2026.05.16 18:04:39 INFO  Progress (1): 6.3/8.1 MB
2026.05.16 18:04:39 INFO  Progress (1): 6.3/8.1 MB
2026.05.16 18:04:39 INFO  Progress (1): 6.3/8.1 MB
2026.05.16 18:04:39 INFO  Progress (1): 6.4/8.1 MB
2026.05.16 18:04:39 INFO  Progress (1): 6.4/8.1 MB
2026.05.16 18:04:39 INFO  Progress (1): 6.4/8.1 MB
2026.05.16 18:04:39 INFO  Progress (1): 6.4/8.1 MB
2026.05.16 18:04:39 INFO  Progress (1): 6.4/8.1 MB
2026.05.16 18:04:39 INFO  Progress (1): 6.4/8.1 MB
2026.05.16 18:04:39 INFO  Progress (1): 6.5/8.1 MB
2026.05.16 18:04:39 INFO  Progress (1): 6.5/8.1 MB
2026.05.16 18:04:39 INFO  Progress (1): 6.5/8.1 MB
2026.05.16 18:04:39 INFO  Progress (1): 6.5/8.1 MB
2026.05.16 18:04:39 INFO  Progress (1): 6.5/8.1 MB
2026.05.16 18:04:39 INFO  Progress (1): 6.5/8.1 MB
2026.05.16 18:04:39 INFO  Progress (1): 6.5/8.1 MB
2026.05.16 18:04:39 INFO  Progress (1): 6.6/8.1 MB
2026.05.16 18:04:39 INFO  Progress (1): 6.6/8.1 MB
2026.05.16 18:04:39 INFO  Progress (1): 6.6/8.1 MB
2026.05.16 18:04:39 INFO  Progress (1): 6.6/8.1 MB
2026.05.16 18:04:39 INFO  Progress (1): 6.6/8.1 MB
2026.05.16 18:04:39 INFO  Progress (1): 6.6/8.1 MB
2026.05.16 18:04:39 INFO  Progress (1): 6.7/8.1 MB
2026.05.16 18:04:39 INFO  Progress (1): 6.7/8.1 MB
2026.05.16 18:04:39 INFO  Progress (1): 6.7/8.1 MB
2026.05.16 18:04:39 INFO  Progress (1): 6.7/8.1 MB
2026.05.16 18:04:39 INFO  Progress (1): 6.7/8.1 MB
2026.05.16 18:04:39 INFO  Progress (1): 6.7/8.1 MB
2026.05.16 18:04:39 INFO  Progress (1): 6.8/8.1 MB
2026.05.16 18:04:39 INFO  Progress (1): 6.8/8.1 MB
2026.05.16 18:04:39 INFO  Progress (1): 6.8/8.1 MB
2026.05.16 18:04:39 INFO  Progress (1): 6.8/8.1 MB
2026.05.16 18:04:39 INFO  Progress (1): 6.8/8.1 MB
2026.05.16 18:04:39 INFO  Progress (1): 6.8/8.1 MB
2026.05.16 18:04:39 INFO  Progress (1): 6.9/8.1 MB
2026.05.16 18:04:39 INFO  Progress (1): 6.9/8.1 MB
2026.05.16 18:04:39 INFO  Progress (1): 6.9/8.1 MB
2026.05.16 18:04:39 INFO  Progress (1): 6.9/8.1 MB
2026.05.16 18:04:39 INFO  Progress (1): 6.9/8.1 MB
2026.05.16 18:04:39 INFO  Progress (1): 6.9/8.1 MB
2026.05.16 18:04:39 INFO  Progress (1): 7.0/8.1 MB
2026.05.16 18:04:39 INFO  Progress (1): 7.0/8.1 MB
2026.05.16 18:04:39 INFO  Progress (1): 7.0/8.1 MB
2026.05.16 18:04:39 INFO  Progress (1): 7.0/8.1 MB
2026.05.16 18:04:39 INFO  Progress (1): 7.0/8.1 MB
2026.05.16 18:04:39 INFO  Progress (1): 7.0/8.1 MB
2026.05.16 18:04:39 INFO  Progress (1): 7.0/8.1 MB
2026.05.16 18:04:39 INFO  Progress (1): 7.1/8.1 MB
2026.05.16 18:04:39 INFO  Progress (1): 7.1/8.1 MB
2026.05.16 18:04:39 INFO  Progress (1): 7.1/8.1 MB
2026.05.16 18:04:39 INFO  Progress (1): 7.1/8.1 MB
2026.05.16 18:04:39 INFO  Progress (1): 7.1/8.1 MB
2026.05.16 18:04:39 INFO  Progress (1): 7.1/8.1 MB
2026.05.16 18:04:39 INFO  Progress (1): 7.1/8.1 MB
2026.05.16 18:04:39 INFO  Progress (1): 7.2/8.1 MB
2026.05.16 18:04:39 INFO  Progress (1): 7.2/8.1 MB
2026.05.16 18:04:39 INFO  Progress (1): 7.2/8.1 MB
2026.05.16 18:04:39 INFO  Progress (1): 7.2/8.1 MB
2026.05.16 18:04:39 INFO  Progress (1): 7.2/8.1 MB
2026.05.16 18:04:39 INFO  Progress (1): 7.2/8.1 MB
2026.05.16 18:04:39 INFO  Progress (1): 7.3/8.1 MB
2026.05.16 18:04:39 INFO  Progress (1): 7.3/8.1 MB
2026.05.16 18:04:39 INFO  Progress (1): 7.3/8.1 MB
2026.05.16 18:04:39 INFO  Progress (1): 7.3/8.1 MB
2026.05.16 18:04:39 INFO  Progress (1): 7.3/8.1 MB
2026.05.16 18:04:39 INFO  Progress (1): 7.3/8.1 MB
2026.05.16 18:04:39 INFO  Progress (1): 7.4/8.1 MB
2026.05.16 18:04:39 INFO  Progress (1): 7.4/8.1 MB
2026.05.16 18:04:39 INFO  Progress (1): 7.4/8.1 MB
2026.05.16 18:04:39 INFO  Progress (1): 7.4/8.1 MB
2026.05.16 18:04:39 INFO  Progress (1): 7.4/8.1 MB
2026.05.16 18:04:39 INFO  Progress (1): 7.4/8.1 MB
2026.05.16 18:04:39 INFO  Progress (1): 7.5/8.1 MB
2026.05.16 18:04:39 INFO  Progress (1): 7.5/8.1 MB
2026.05.16 18:04:39 INFO  Progress (1): 7.5/8.1 MB
2026.05.16 18:04:39 INFO  Progress (1): 7.5/8.1 MB
2026.05.16 18:04:39 INFO  Progress (1): 7.5/8.1 MB
2026.05.16 18:04:39 INFO  Progress (1): 7.5/8.1 MB
2026.05.16 18:04:39 INFO  Progress (1): 7.6/8.1 MB
2026.05.16 18:04:39 INFO  Progress (1): 7.6/8.1 MB
2026.05.16 18:04:39 INFO  Progress (1): 7.6/8.1 MB
2026.05.16 18:04:39 INFO  Progress (1): 7.6/8.1 MB
2026.05.16 18:04:39 INFO  Progress (1): 7.6/8.1 MB
2026.05.16 18:04:39 INFO  Progress (1): 7.6/8.1 MB
2026.05.16 18:04:39 INFO  Progress (1): 7.7/8.1 MB
2026.05.16 18:04:39 INFO  Progress (1): 7.7/8.1 MB
2026.05.16 18:04:39 INFO  Progress (1): 7.7/8.1 MB
2026.05.16 18:04:39 INFO  Progress (1): 7.7/8.1 MB
2026.05.16 18:04:39 INFO  Progress (1): 7.7/8.1 MB
2026.05.16 18:04:39 INFO  Progress (1): 7.7/8.1 MB
2026.05.16 18:04:39 INFO  Progress (1): 7.8/8.1 MB
2026.05.16 18:04:39 INFO  Progress (1): 7.8/8.1 MB
2026.05.16 18:04:39 INFO  Progress (1): 7.8/8.1 MB
2026.05.16 18:04:39 INFO  Progress (1): 7.8/8.1 MB
2026.05.16 18:04:40 INFO  Progress (1): 7.8/8.1 MB
2026.05.16 18:04:40 INFO  Progress (1): 7.8/8.1 MB
2026.05.16 18:04:40 INFO  Progress (1): 7.9/8.1 MB
2026.05.16 18:04:40 INFO  Progress (1): 7.9/8.1 MB
2026.05.16 18:04:40 INFO  Progress (1): 7.9/8.1 MB
2026.05.16 18:04:40 INFO  Progress (1): 7.9/8.1 MB
2026.05.16 18:04:40 INFO  Progress (1): 7.9/8.1 MB
2026.05.16 18:04:40 INFO  Progress (1): 7.9/8.1 MB
2026.05.16 18:04:40 INFO  Progress (1): 8.0/8.1 MB
2026.05.16 18:04:40 INFO  Progress (1): 8.0/8.1 MB
2026.05.16 18:04:40 INFO  Progress (1): 8.0/8.1 MB
2026.05.16 18:04:40 INFO  Progress (1): 8.0/8.1 MB
2026.05.16 18:04:40 INFO  Progress (1): 8.0/8.1 MB
2026.05.16 18:04:40 INFO  Progress (1): 8.0/8.1 MB
2026.05.16 18:04:40 INFO  Progress (1): 8.1/8.1 MB
2026.05.16 18:04:40 INFO  Progress (1): 8.1/8.1 MB
2026.05.16 18:04:40 INFO  Progress (1): 8.1/8.1 MB
2026.05.16 18:04:40 INFO  Progress (1): 8.1/8.1 MB
2026.05.16 18:04:40 INFO  Progress (1): 8.1/8.1 MB
2026.05.16 18:04:40 INFO  Progress (1): 8.1/8.1 MB
2026.05.16 18:04:40 INFO  Progress (1): 8.1 MB    
2026.05.16 18:04:40 INFO                      
2026.05.16 18:04:40 INFO  Downloaded from central: https://repo.maven.apache.org/maven2/org/hibernate/orm/hibernate-core/7.2.7.Final/hibernate-core-7.2.7.Final-sources.jar (8.1 MB at 3.1 MB/s)
2026.05.16 18:04:40 INFO  [INFO] SUCCESS: org.hibernate.orm:hibernate-core:jar:7.2.7.Final:compile (sources = true)
2026.05.16 18:04:40 INFO  [INFO] Resolving artifact: com.zaxxer:HikariCP:jar:7.0.2:compile (sources = false)
2026.05.16 18:04:40 INFO  [INFO] SUCCESS: com.zaxxer:HikariCP:jar:7.0.2:compile (sources = false)
2026.05.16 18:04:40 INFO  [INFO] Resolving artifact: com.zaxxer:HikariCP:jar:7.0.2:compile (sources = true)
2026.05.16 18:04:40 INFO  Downloading from central: https://repo.maven.apache.org/maven2/com/zaxxer/HikariCP/7.0.2/HikariCP-7.0.2-sources.jar
2026.05.16 18:04:40 INFO  Progress (1): 7.7/103 kB
2026.05.16 18:04:40 INFO  Progress (1): 16/103 kB 
2026.05.16 18:04:40 INFO  Progress (1): 28/103 kB
2026.05.16 18:04:40 INFO  Progress (1): 44/103 kB
2026.05.16 18:04:40 INFO  Progress (1): 61/103 kB
2026.05.16 18:04:40 INFO  Progress (1): 77/103 kB
2026.05.16 18:04:40 INFO  Progress (1): 93/103 kB
2026.05.16 18:04:40 INFO  Progress (1): 103 kB   
2026.05.16 18:04:41 INFO                      
2026.05.16 18:04:41 INFO  Downloaded from central: https://repo.maven.apache.org/maven2/com/zaxxer/HikariCP/7.0.2/HikariCP-7.0.2-sources.jar (103 kB at 267 kB/s)
2026.05.16 18:04:41 INFO  [INFO] SUCCESS: com.zaxxer:HikariCP:jar:7.0.2:compile (sources = true)
2026.05.16 18:04:41 INFO  [INFO] Resolving artifact: tools.jackson.core:jackson-databind:jar:3.1.0:compile (sources = false)
2026.05.16 18:04:41 INFO  [INFO] SUCCESS: tools.jackson.core:jackson-databind:jar:3.1.0:compile (sources = false)
2026.05.16 18:04:41 INFO  [INFO] Resolving artifact: tools.jackson.core:jackson-databind:jar:3.1.0:compile (sources = true)
2026.05.16 18:04:41 INFO  Downloading from central: https://repo.maven.apache.org/maven2/tools/jackson/core/jackson-databind/3.1.0/jackson-databind-3.1.0-sources.jar
2026.05.16 18:04:41 INFO  Progress (1): 0/1.3 MB
2026.05.16 18:04:41 INFO  Progress (1): 0/1.3 MB
2026.05.16 18:04:41 INFO  Progress (1): 0/1.3 MB
2026.05.16 18:04:41 INFO  Progress (1): 0.1/1.3 MB
2026.05.16 18:04:41 INFO  Progress (1): 0.1/1.3 MB
2026.05.16 18:04:41 INFO  Progress (1): 0.1/1.3 MB
2026.05.16 18:04:41 INFO  Progress (1): 0.1/1.3 MB
2026.05.16 18:04:41 INFO  Progress (1): 0.1/1.3 MB
2026.05.16 18:04:41 INFO  Progress (1): 0.1/1.3 MB
2026.05.16 18:04:41 INFO  Progress (1): 0.1/1.3 MB
2026.05.16 18:04:41 INFO  Progress (1): 0.2/1.3 MB
2026.05.16 18:04:41 INFO  Progress (1): 0.2/1.3 MB
2026.05.16 18:04:41 INFO  Progress (1): 0.2/1.3 MB
2026.05.16 18:04:41 INFO  Progress (1): 0.2/1.3 MB
2026.05.16 18:04:41 INFO  Progress (1): 0.2/1.3 MB
2026.05.16 18:04:41 INFO  Progress (1): 0.2/1.3 MB
2026.05.16 18:04:41 INFO  Progress (1): 0.3/1.3 MB
2026.05.16 18:04:41 INFO  Progress (1): 0.3/1.3 MB
2026.05.16 18:04:41 INFO  Progress (1): 0.3/1.3 MB
2026.05.16 18:04:41 INFO  Progress (1): 0.3/1.3 MB
2026.05.16 18:04:41 INFO  Progress (1): 0.3/1.3 MB
2026.05.16 18:04:41 INFO  Progress (1): 0.3/1.3 MB
2026.05.16 18:04:41 INFO  Progress (1): 0.3/1.3 MB
2026.05.16 18:04:41 INFO  Progress (1): 0.3/1.3 MB
2026.05.16 18:04:41 INFO  Progress (1): 0.4/1.3 MB
2026.05.16 18:04:41 INFO  Progress (1): 0.4/1.3 MB
2026.05.16 18:04:41 INFO  Progress (1): 0.4/1.3 MB
2026.05.16 18:04:41 INFO  Progress (1): 0.4/1.3 MB
2026.05.16 18:04:41 INFO  Progress (1): 0.4/1.3 MB
2026.05.16 18:04:41 INFO  Progress (1): 0.4/1.3 MB
2026.05.16 18:04:41 INFO  Progress (1): 0.5/1.3 MB
2026.05.16 18:04:41 INFO  Progress (1): 0.5/1.3 MB
2026.05.16 18:04:41 INFO  Progress (1): 0.5/1.3 MB
2026.05.16 18:04:41 INFO  Progress (1): 0.5/1.3 MB
2026.05.16 18:04:41 INFO  Progress (1): 0.5/1.3 MB
2026.05.16 18:04:41 INFO  Progress (1): 0.5/1.3 MB
2026.05.16 18:04:41 INFO  Progress (1): 0.5/1.3 MB
2026.05.16 18:04:41 INFO  Progress (1): 0.6/1.3 MB
2026.05.16 18:04:41 INFO  Progress (1): 0.6/1.3 MB
2026.05.16 18:04:41 INFO  Progress (1): 0.6/1.3 MB
2026.05.16 18:04:41 INFO  Progress (1): 0.6/1.3 MB
2026.05.16 18:04:41 INFO  Progress (1): 0.6/1.3 MB
2026.05.16 18:04:41 INFO  Progress (1): 0.6/1.3 MB
2026.05.16 18:04:41 INFO  Progress (1): 0.7/1.3 MB
2026.05.16 18:04:41 INFO  Progress (1): 0.7/1.3 MB
2026.05.16 18:04:41 INFO  Progress (1): 0.7/1.3 MB
2026.05.16 18:04:41 INFO  Progress (1): 0.7/1.3 MB
2026.05.16 18:04:41 INFO  Progress (1): 0.7/1.3 MB
2026.05.16 18:04:41 INFO  Progress (1): 0.7/1.3 MB
2026.05.16 18:04:41 INFO  Progress (1): 0.8/1.3 MB
2026.05.16 18:04:41 INFO  Progress (1): 0.8/1.3 MB
2026.05.16 18:04:41 INFO  Progress (1): 0.8/1.3 MB
2026.05.16 18:04:41 INFO  Progress (1): 0.8/1.3 MB
2026.05.16 18:04:41 INFO  Progress (1): 0.8/1.3 MB
2026.05.16 18:04:41 INFO  Progress (1): 0.8/1.3 MB
2026.05.16 18:04:41 INFO  Progress (1): 0.9/1.3 MB
2026.05.16 18:04:41 INFO  Progress (1): 0.9/1.3 MB
2026.05.16 18:04:41 INFO  Progress (1): 0.9/1.3 MB
2026.05.16 18:04:41 INFO  Progress (1): 0.9/1.3 MB
2026.05.16 18:04:41 INFO  Progress (1): 0.9/1.3 MB
2026.05.16 18:04:41 INFO  Progress (1): 0.9/1.3 MB
2026.05.16 18:04:41 INFO  Progress (1): 1.0/1.3 MB
2026.05.16 18:04:41 INFO  Progress (1): 1.0/1.3 MB
2026.05.16 18:04:41 INFO  Progress (1): 1.0/1.3 MB
2026.05.16 18:04:41 INFO  Progress (1): 1.0/1.3 MB
2026.05.16 18:04:41 INFO  Progress (1): 1.0/1.3 MB
2026.05.16 18:04:41 INFO  Progress (1): 1.0/1.3 MB
2026.05.16 18:04:41 INFO  Progress (1): 1.1/1.3 MB
2026.05.16 18:04:41 INFO  Progress (1): 1.1/1.3 MB
2026.05.16 18:04:41 INFO  Progress (1): 1.1/1.3 MB
2026.05.16 18:04:41 INFO  Progress (1): 1.1/1.3 MB
2026.05.16 18:04:41 INFO  Progress (1): 1.1/1.3 MB
2026.05.16 18:04:41 INFO  Progress (1): 1.1/1.3 MB
2026.05.16 18:04:41 INFO  Progress (1): 1.2/1.3 MB
2026.05.16 18:04:41 INFO  Progress (1): 1.2/1.3 MB
2026.05.16 18:04:41 INFO  Progress (1): 1.2/1.3 MB
2026.05.16 18:04:41 INFO  Progress (1): 1.2/1.3 MB
2026.05.16 18:04:41 INFO  Progress (1): 1.2/1.3 MB
2026.05.16 18:04:41 INFO  Progress (1): 1.2/1.3 MB
2026.05.16 18:04:41 INFO  Progress (1): 1.3/1.3 MB
2026.05.16 18:04:41 INFO  Progress (1): 1.3/1.3 MB
2026.05.16 18:04:41 INFO  Progress (1): 1.3/1.3 MB
2026.05.16 18:04:41 INFO  Progress (1): 1.3/1.3 MB
2026.05.16 18:04:41 INFO  Progress (1): 1.3/1.3 MB
2026.05.16 18:04:41 INFO  Progress (1): 1.3/1.3 MB
2026.05.16 18:04:41 INFO  Progress (1): 1.3 MB    
2026.05.16 18:04:43 INFO                      
2026.05.16 18:04:43 INFO  Downloaded from central: https://repo.maven.apache.org/maven2/tools/jackson/core/jackson-databind/3.1.0/jackson-databind-3.1.0-sources.jar (1.3 MB at 1.0 MB/s)
2026.05.16 18:04:43 INFO  [INFO] SUCCESS: tools.jackson.core:jackson-databind:jar:3.1.0:compile (sources = true)
2026.05.16 18:04:43 INFO  [INFO] Resolving artifact: org.antlr:antlr4-runtime:jar:4.13.2:compile (sources = false)
2026.05.16 18:04:43 INFO  [INFO] SUCCESS: org.antlr:antlr4-runtime:jar:4.13.2:compile (sources = false)
2026.05.16 18:04:43 INFO  [INFO] Resolving artifact: org.antlr:antlr4-runtime:jar:4.13.2:compile (sources = true)
2026.05.16 18:04:43 INFO  Downloading from central: https://repo.maven.apache.org/maven2/org/antlr/antlr4-runtime/4.13.2/antlr4-runtime-4.13.2-sources.jar
2026.05.16 18:04:43 INFO  Progress (1): 7.7/314 kB
2026.05.16 18:04:43 INFO  Progress (1): 16/314 kB 
2026.05.16 18:04:43 INFO  Progress (1): 25/314 kB
2026.05.16 18:04:43 INFO  Progress (1): 41/314 kB
2026.05.16 18:04:43 INFO  Progress (1): 57/314 kB
2026.05.16 18:04:43 INFO  Progress (1): 74/314 kB
2026.05.16 18:04:43 INFO  Progress (1): 90/314 kB
2026.05.16 18:04:43 INFO  Progress (1): 106/314 kB
2026.05.16 18:04:43 INFO  Progress (1): 123/314 kB
2026.05.16 18:04:43 INFO  Progress (1): 139/314 kB
2026.05.16 18:04:43 INFO  Progress (1): 156/314 kB
2026.05.16 18:04:43 INFO  Progress (1): 172/314 kB
2026.05.16 18:04:43 INFO  Progress (1): 188/314 kB
2026.05.16 18:04:43 INFO  Progress (1): 205/314 kB
2026.05.16 18:04:43 INFO  Progress (1): 221/314 kB
2026.05.16 18:04:43 INFO  Progress (1): 238/314 kB
2026.05.16 18:04:43 INFO  Progress (1): 254/314 kB
2026.05.16 18:04:43 INFO  Progress (1): 270/314 kB
2026.05.16 18:04:43 INFO  Progress (1): 287/314 kB
2026.05.16 18:04:43 INFO  Progress (1): 303/314 kB
2026.05.16 18:04:43 INFO  Progress (1): 314 kB    
2026.05.16 18:04:44 INFO                      
2026.05.16 18:04:44 INFO  Downloaded from central: https://repo.maven.apache.org/maven2/org/antlr/antlr4-runtime/4.13.2/antlr4-runtime-4.13.2-sources.jar (314 kB at 314 kB/s)
2026.05.16 18:04:44 INFO  [INFO] SUCCESS: org.antlr:antlr4-runtime:jar:4.13.2:compile (sources = true)
2026.05.16 18:04:44 INFO  [INFO] Resolving artifact: io.micrometer:micrometer-observation:jar:1.16.4:compile (sources = false)
2026.05.16 18:04:44 INFO  [INFO] SUCCESS: io.micrometer:micrometer-observation:jar:1.16.4:compile (sources = false)
2026.05.16 18:04:44 INFO  [INFO] Resolving artifact: io.micrometer:micrometer-observation:jar:1.16.4:compile (sources = true)
2026.05.16 18:04:44 INFO  Downloading from central: https://repo.maven.apache.org/maven2/io/micrometer/micrometer-observation/1.16.4/micrometer-observation-1.16.4-sources.jar
2026.05.16 18:04:44 INFO  Progress (1): 7.7/59 kB
2026.05.16 18:04:44 INFO  Progress (1): 16/59 kB 
2026.05.16 18:04:44 INFO  Progress (1): 25/59 kB
2026.05.16 18:04:44 INFO  Progress (1): 41/59 kB
2026.05.16 18:04:44 INFO  Progress (1): 57/59 kB
2026.05.16 18:04:44 INFO  Progress (1): 59 kB   
2026.05.16 18:04:44 INFO                     
2026.05.16 18:04:44 INFO  Downloaded from central: https://repo.maven.apache.org/maven2/io/micrometer/micrometer-observation/1.16.4/micrometer-observation-1.16.4-sources.jar (59 kB at 116 kB/s)
2026.05.16 18:04:44 INFO  [INFO] SUCCESS: io.micrometer:micrometer-observation:jar:1.16.4:compile (sources = true)
2026.05.16 18:04:44 INFO  [INFO] Resolving artifact: org.opentest4j:opentest4j:jar:1.3.0:test (sources = false)
2026.05.16 18:04:44 INFO  [INFO] SUCCESS: org.opentest4j:opentest4j:jar:1.3.0:test (sources = false)
2026.05.16 18:04:44 INFO  [INFO] Resolving artifact: org.opentest4j:opentest4j:jar:1.3.0:test (sources = true)
2026.05.16 18:04:44 INFO  [INFO] SUCCESS: org.opentest4j:opentest4j:jar:1.3.0:test (sources = true)
2026.05.16 18:04:44 INFO  [INFO] Resolving artifact: org.springframework.boot:spring-boot-starter-test:jar:4.0.5:test (sources = false)
2026.05.16 18:04:45 INFO  [INFO] SUCCESS: org.springframework.boot:spring-boot-starter-test:jar:4.0.5:test (sources = false)
2026.05.16 18:04:45 INFO  [INFO] Resolving artifact: org.springframework.boot:spring-boot-starter-test:jar:4.0.5:test (sources = true)
2026.05.16 18:04:45 INFO  Downloading from central: https://repo.maven.apache.org/maven2/org/springframework/boot/spring-boot-starter-test/4.0.5/spring-boot-starter-test-4.0.5-sources.jar
2026.05.16 18:04:45 INFO  Progress (1): 4.8 kB
2026.05.16 18:04:45 INFO                      
2026.05.16 18:04:45 INFO  Downloaded from central: https://repo.maven.apache.org/maven2/org/springframework/boot/spring-boot-starter-test/4.0.5/spring-boot-starter-test-4.0.5-sources.jar (4.8 kB at 12 kB/s)
2026.05.16 18:04:45 INFO  [INFO] SUCCESS: org.springframework.boot:spring-boot-starter-test:jar:4.0.5:test (sources = true)
2026.05.16 18:04:45 INFO  [INFO] Resolving artifact: org.springframework.boot:spring-boot-test:jar:4.0.5:test (sources = false)
2026.05.16 18:04:45 INFO  [INFO] SUCCESS: org.springframework.boot:spring-boot-test:jar:4.0.5:test (sources = false)
2026.05.16 18:04:45 INFO  [INFO] Resolving artifact: org.springframework.boot:spring-boot-test:jar:4.0.5:test (sources = true)
2026.05.16 18:04:45 INFO  Downloading from central: https://repo.maven.apache.org/maven2/org/springframework/boot/spring-boot-test/4.0.5/spring-boot-test-4.0.5-sources.jar
2026.05.16 18:04:45 INFO  Progress (1): 7.7/135 kB
2026.05.16 18:04:45 INFO  Progress (1): 8.2/135 kB
2026.05.16 18:04:45 INFO  Progress (1): 25/135 kB 
2026.05.16 18:04:45 INFO  Progress (1): 41/135 kB
2026.05.16 18:04:45 INFO  Progress (1): 57/135 kB
2026.05.16 18:04:45 INFO  Progress (1): 74/135 kB
2026.05.16 18:04:45 INFO  Progress (1): 90/135 kB
2026.05.16 18:04:45 INFO  Progress (1): 106/135 kB
2026.05.16 18:04:45 INFO  Progress (1): 123/135 kB
2026.05.16 18:04:45 INFO  Progress (1): 135 kB    
2026.05.16 18:04:46 INFO                      
2026.05.16 18:04:46 INFO  Downloaded from central: https://repo.maven.apache.org/maven2/org/springframework/boot/spring-boot-test/4.0.5/spring-boot-test-4.0.5-sources.jar (135 kB at 241 kB/s)
2026.05.16 18:04:46 INFO  [INFO] SUCCESS: org.springframework.boot:spring-boot-test:jar:4.0.5:test (sources = true)
2026.05.16 18:04:46 INFO  [INFO] Resolving artifact: org.apache.logging.log4j:log4j-to-slf4j:jar:2.25.3:compile (sources = false)
2026.05.16 18:04:46 INFO  [INFO] SUCCESS: org.apache.logging.log4j:log4j-to-slf4j:jar:2.25.3:compile (sources = false)
2026.05.16 18:04:46 INFO  [INFO] Resolving artifact: org.apache.logging.log4j:log4j-to-slf4j:jar:2.25.3:compile (sources = true)
2026.05.16 18:04:46 INFO  Downloading from central: https://repo.maven.apache.org/maven2/org/apache/logging/log4j/log4j-to-slf4j/2.25.3/log4j-to-slf4j-2.25.3-sources.jar
2026.05.16 18:04:46 INFO  Progress (1): 7.7/19 kB
2026.05.16 18:04:46 INFO  Progress (1): 16/19 kB 
2026.05.16 18:04:46 INFO  Progress (1): 19 kB   
2026.05.16 18:04:51 INFO                     
2026.05.16 18:04:51 INFO  Downloaded from central: https://repo.maven.apache.org/maven2/org/apache/logging/log4j/log4j-to-slf4j/2.25.3/log4j-to-slf4j-2.25.3-sources.jar (19 kB at 3.9 kB/s)
2026.05.16 18:04:51 INFO  [INFO] SUCCESS: org.apache.logging.log4j:log4j-to-slf4j:jar:2.25.3:compile (sources = true)
2026.05.16 18:04:51 INFO  [INFO] Resolving artifact: org.springframework.boot:spring-boot-starter-tomcat:jar:4.0.5:compile (sources = false)
2026.05.16 18:04:51 INFO  [INFO] SUCCESS: org.springframework.boot:spring-boot-starter-tomcat:jar:4.0.5:compile (sources = false)
2026.05.16 18:04:51 INFO  [INFO] Resolving artifact: org.springframework.boot:spring-boot-starter-tomcat:jar:4.0.5:compile (sources = true)
2026.05.16 18:04:51 INFO  Downloading from central: https://repo.maven.apache.org/maven2/org/springframework/boot/spring-boot-starter-tomcat/4.0.5/spring-boot-starter-tomcat-4.0.5-sources.jar
2026.05.16 18:04:51 INFO  Progress (1): 4.8 kB
2026.05.16 18:04:51 INFO                      
2026.05.16 18:04:51 INFO  Downloaded from central: https://repo.maven.apache.org/maven2/org/springframework/boot/spring-boot-starter-tomcat/4.0.5/spring-boot-starter-tomcat-4.0.5-sources.jar (4.8 kB at 22 kB/s)
2026.05.16 18:04:51 INFO  [INFO] SUCCESS: org.springframework.boot:spring-boot-starter-tomcat:jar:4.0.5:compile (sources = true)
2026.05.16 18:04:51 INFO  [INFO] Resolving artifact: org.junit.jupiter:junit-jupiter:jar:6.0.3:test (sources = false)
2026.05.16 18:04:51 INFO  [INFO] SUCCESS: org.junit.jupiter:junit-jupiter:jar:6.0.3:test (sources = false)
2026.05.16 18:04:51 INFO  [INFO] Resolving artifact: org.junit.jupiter:junit-jupiter:jar:6.0.3:test (sources = true)
2026.05.16 18:04:51 INFO  Downloading from central: https://repo.maven.apache.org/maven2/org/junit/jupiter/junit-jupiter/6.0.3/junit-jupiter-6.0.3-sources.jar
2026.05.16 18:04:51 INFO  Progress (1): 6.1 kB
2026.05.16 18:04:51 INFO                      
2026.05.16 18:04:51 INFO  Downloaded from central: https://repo.maven.apache.org/maven2/org/junit/jupiter/junit-jupiter/6.0.3/junit-jupiter-6.0.3-sources.jar (6.1 kB at 10 kB/s)
2026.05.16 18:04:51 INFO  [INFO] SUCCESS: org.junit.jupiter:junit-jupiter:jar:6.0.3:test (sources = true)
2026.05.16 18:04:51 INFO  [INFO] Resolving artifact: org.springframework.data:spring-data-jpa:jar:4.0.4:compile (sources = false)
2026.05.16 18:04:51 INFO  [INFO] SUCCESS: org.springframework.data:spring-data-jpa:jar:4.0.4:compile (sources = false)
2026.05.16 18:04:51 INFO  [INFO] Resolving artifact: org.springframework.data:spring-data-jpa:jar:4.0.4:compile (sources = true)
2026.05.16 18:04:52 INFO  Downloading from central: https://repo.maven.apache.org/maven2/org/springframework/data/spring-data-jpa/4.0.4/spring-data-jpa-4.0.4-sources.jar
2026.05.16 18:04:52 INFO  Progress (1): 7.7/807 kB
2026.05.16 18:04:52 INFO  Progress (1): 8.2/807 kB
2026.05.16 18:04:52 INFO  Progress (1): 25/807 kB 
2026.05.16 18:04:52 INFO  Progress (1): 41/807 kB
2026.05.16 18:04:52 INFO  Progress (1): 57/807 kB
2026.05.16 18:04:52 INFO  Progress (1): 74/807 kB
2026.05.16 18:04:52 INFO  Progress (1): 90/807 kB
2026.05.16 18:04:52 INFO  Progress (1): 106/807 kB
2026.05.16 18:04:52 INFO  Progress (1): 123/807 kB
2026.05.16 18:04:52 INFO  Progress (1): 139/807 kB
2026.05.16 18:04:52 INFO  Progress (1): 156/807 kB
2026.05.16 18:04:52 INFO  Progress (1): 172/807 kB
2026.05.16 18:04:52 INFO  Progress (1): 188/807 kB
2026.05.16 18:04:52 INFO  Progress (1): 205/807 kB
2026.05.16 18:04:52 INFO  Progress (1): 221/807 kB
2026.05.16 18:04:52 INFO  Progress (1): 238/807 kB
2026.05.16 18:04:52 INFO  Progress (1): 254/807 kB
2026.05.16 18:04:52 INFO  Progress (1): 270/807 kB
2026.05.16 18:04:52 INFO  Progress (1): 287/807 kB
2026.05.16 18:04:52 INFO  Progress (1): 303/807 kB
2026.05.16 18:04:52 INFO  Progress (1): 319/807 kB
2026.05.16 18:04:52 INFO  Progress (1): 336/807 kB
2026.05.16 18:04:52 INFO  Progress (1): 352/807 kB
2026.05.16 18:04:52 INFO  Progress (1): 369/807 kB
2026.05.16 18:04:52 INFO  Progress (1): 385/807 kB
2026.05.16 18:04:52 INFO  Progress (1): 401/807 kB
2026.05.16 18:04:52 INFO  Progress (1): 418/807 kB
2026.05.16 18:04:52 INFO  Progress (1): 434/807 kB
2026.05.16 18:04:52 INFO  Progress (1): 451/807 kB
2026.05.16 18:04:52 INFO  Progress (1): 467/807 kB
2026.05.16 18:04:52 INFO  Progress (1): 483/807 kB
2026.05.16 18:04:52 INFO  Progress (1): 500/807 kB
2026.05.16 18:04:52 INFO  Progress (1): 516/807 kB
2026.05.16 18:04:52 INFO  Progress (1): 532/807 kB
2026.05.16 18:04:52 INFO  Progress (1): 549/807 kB
2026.05.16 18:04:52 INFO  Progress (1): 565/807 kB
2026.05.16 18:04:52 INFO  Progress (1): 582/807 kB
2026.05.16 18:04:52 INFO  Progress (1): 598/807 kB
2026.05.16 18:04:52 INFO  Progress (1): 614/807 kB
2026.05.16 18:04:52 INFO  Progress (1): 631/807 kB
2026.05.16 18:04:52 INFO  Progress (1): 647/807 kB
2026.05.16 18:04:52 INFO  Progress (1): 664/807 kB
2026.05.16 18:04:52 INFO  Progress (1): 680/807 kB
2026.05.16 18:04:52 INFO  Progress (1): 696/807 kB
2026.05.16 18:04:52 INFO  Progress (1): 713/807 kB
2026.05.16 18:04:52 INFO  Progress (1): 729/807 kB
2026.05.16 18:04:52 INFO  Progress (1): 745/807 kB
2026.05.16 18:04:52 INFO  Progress (1): 762/807 kB
2026.05.16 18:04:52 INFO  Progress (1): 778/807 kB
2026.05.16 18:04:52 INFO  Progress (1): 795/807 kB
2026.05.16 18:04:52 INFO  Progress (1): 807 kB    
2026.05.16 18:04:54 INFO                      
2026.05.16 18:04:54 INFO  Downloaded from central: https://repo.maven.apache.org/maven2/org/springframework/data/spring-data-jpa/4.0.4/spring-data-jpa-4.0.4-sources.jar (807 kB at 406 kB/s)
2026.05.16 18:04:54 INFO  [INFO] SUCCESS: org.springframework.data:spring-data-jpa:jar:4.0.4:compile (sources = true)
2026.05.16 18:04:54 INFO  [INFO] Resolving artifact: jakarta.transaction:jakarta.transaction-api:jar:2.0.1:compile (sources = false)
2026.05.16 18:04:54 INFO  [INFO] SUCCESS: jakarta.transaction:jakarta.transaction-api:jar:2.0.1:compile (sources = false)
2026.05.16 18:04:54 INFO  [INFO] Resolving artifact: jakarta.transaction:jakarta.transaction-api:jar:2.0.1:compile (sources = true)
2026.05.16 18:04:54 INFO  [INFO] SUCCESS: jakarta.transaction:jakarta.transaction-api:jar:2.0.1:compile (sources = true)
2026.05.16 18:04:54 INFO  [INFO] Resolving artifact: org.springframework.boot:spring-boot-jackson:jar:4.0.5:compile (sources = false)
2026.05.16 18:04:54 INFO  [INFO] SUCCESS: org.springframework.boot:spring-boot-jackson:jar:4.0.5:compile (sources = false)
2026.05.16 18:04:54 INFO  [INFO] Resolving artifact: org.springframework.boot:spring-boot-jackson:jar:4.0.5:compile (sources = true)
2026.05.16 18:04:54 INFO  Downloading from central: https://repo.maven.apache.org/maven2/org/springframework/boot/spring-boot-jackson/4.0.5/spring-boot-jackson-4.0.5-sources.jar
2026.05.16 18:04:54 INFO  Progress (1): 7.7/35 kB
2026.05.16 18:04:54 INFO  Progress (1): 8.2/35 kB
2026.05.16 18:04:54 INFO  Progress (1): 25/35 kB 
2026.05.16 18:04:54 INFO  Progress (1): 35 kB   
2026.05.16 18:05:01 INFO                     
2026.05.16 18:05:01 INFO  Downloaded from central: https://repo.maven.apache.org/maven2/org/springframework/boot/spring-boot-jackson/4.0.5/spring-boot-jackson-4.0.5-sources.jar (35 kB at 5.4 kB/s)
2026.05.16 18:05:01 INFO  [INFO] SUCCESS: org.springframework.boot:spring-boot-jackson:jar:4.0.5:compile (sources = true)
2026.05.16 18:05:01 INFO  [INFO] Resolving artifact: tools.jackson.core:jackson-core:jar:3.1.0:compile (sources = false)
2026.05.16 18:05:01 INFO  [INFO] SUCCESS: tools.jackson.core:jackson-core:jar:3.1.0:compile (sources = false)
2026.05.16 18:05:01 INFO  [INFO] Resolving artifact: tools.jackson.core:jackson-core:jar:3.1.0:compile (sources = true)
2026.05.16 18:05:01 INFO  Downloading from central: https://repo.maven.apache.org/maven2/tools/jackson/core/jackson-core/3.1.0/jackson-core-3.1.0-sources.jar
2026.05.16 18:05:01 INFO  Progress (1): 7.7/486 kB
2026.05.16 18:05:01 INFO  Progress (1): 16/486 kB 
2026.05.16 18:05:01 INFO  Progress (1): 24/486 kB
2026.05.16 18:05:01 INFO  Progress (1): 40/486 kB
2026.05.16 18:05:01 INFO  Progress (1): 57/486 kB
2026.05.16 18:05:01 INFO  Progress (1): 73/486 kB
2026.05.16 18:05:01 INFO  Progress (1): 90/486 kB
2026.05.16 18:05:01 INFO  Progress (1): 106/486 kB
2026.05.16 18:05:01 INFO  Progress (1): 122/486 kB
2026.05.16 18:05:01 INFO  Progress (1): 139/486 kB
2026.05.16 18:05:01 INFO  Progress (1): 155/486 kB
2026.05.16 18:05:01 INFO  Progress (1): 172/486 kB
2026.05.16 18:05:01 INFO  Progress (1): 188/486 kB
2026.05.16 18:05:01 INFO  Progress (1): 204/486 kB
2026.05.16 18:05:01 INFO  Progress (1): 221/486 kB
2026.05.16 18:05:01 INFO  Progress (1): 237/486 kB
2026.05.16 18:05:01 INFO  Progress (1): 253/486 kB
2026.05.16 18:05:01 INFO  Progress (1): 270/486 kB
2026.05.16 18:05:01 INFO  Progress (1): 286/486 kB
2026.05.16 18:05:01 INFO  Progress (1): 303/486 kB
2026.05.16 18:05:01 INFO  Progress (1): 319/486 kB
2026.05.16 18:05:01 INFO  Progress (1): 335/486 kB
2026.05.16 18:05:01 INFO  Progress (1): 336/486 kB
2026.05.16 18:05:01 INFO  Progress (1): 352/486 kB
2026.05.16 18:05:01 INFO  Progress (1): 369/486 kB
2026.05.16 18:05:01 INFO  Progress (1): 385/486 kB
2026.05.16 18:05:01 INFO  Progress (1): 401/486 kB
2026.05.16 18:05:01 INFO  Progress (1): 418/486 kB
2026.05.16 18:05:01 INFO  Progress (1): 434/486 kB
2026.05.16 18:05:01 INFO  Progress (1): 451/486 kB
2026.05.16 18:05:01 INFO  Progress (1): 467/486 kB
2026.05.16 18:05:01 INFO  Progress (1): 483/486 kB
2026.05.16 18:05:01 INFO  Progress (1): 486 kB    
2026.05.16 18:05:01 INFO                      
2026.05.16 18:05:01 INFO  Downloaded from central: https://repo.maven.apache.org/maven2/tools/jackson/core/jackson-core/3.1.0/jackson-core-3.1.0-sources.jar (486 kB at 1.5 MB/s)
2026.05.16 18:05:01 INFO  [INFO] SUCCESS: tools.jackson.core:jackson-core:jar:3.1.0:compile (sources = true)
2026.05.16 18:05:01 INFO  [INFO] Resolving artifact: jakarta.persistence:jakarta.persistence-api:jar:3.2.0:compile (sources = false)
2026.05.16 18:05:01 INFO  [INFO] SUCCESS: jakarta.persistence:jakarta.persistence-api:jar:3.2.0:compile (sources = false)
2026.05.16 18:05:01 INFO  [INFO] Resolving artifact: jakarta.persistence:jakarta.persistence-api:jar:3.2.0:compile (sources = true)
2026.05.16 18:05:01 INFO  Downloading from central: https://repo.maven.apache.org/maven2/jakarta/persistence/jakarta.persistence-api/3.2.0/jakarta.persistence-api-3.2.0-sources.jar
2026.05.16 18:05:01 INFO  Progress (1): 7.7/311 kB
2026.05.16 18:05:01 INFO  Progress (1): 16/311 kB 
2026.05.16 18:05:01 INFO  Progress (1): 25/311 kB
2026.05.16 18:05:01 INFO  Progress (1): 41/311 kB
2026.05.16 18:05:01 INFO  Progress (1): 57/311 kB
2026.05.16 18:05:01 INFO  Progress (1): 74/311 kB
2026.05.16 18:05:01 INFO  Progress (1): 90/311 kB
2026.05.16 18:05:01 INFO  Progress (1): 106/311 kB
2026.05.16 18:05:01 INFO  Progress (1): 123/311 kB
2026.05.16 18:05:01 INFO  Progress (1): 131/311 kB
2026.05.16 18:05:01 INFO  Progress (1): 147/311 kB
2026.05.16 18:05:01 INFO  Progress (1): 164/311 kB
2026.05.16 18:05:01 INFO  Progress (1): 180/311 kB
2026.05.16 18:05:01 INFO  Progress (1): 197/311 kB
2026.05.16 18:05:01 INFO  Progress (1): 205/311 kB
2026.05.16 18:05:01 INFO  Progress (1): 221/311 kB
2026.05.16 18:05:01 INFO  Progress (1): 238/311 kB
2026.05.16 18:05:01 INFO  Progress (1): 254/311 kB
2026.05.16 18:05:01 INFO  Progress (1): 270/311 kB
2026.05.16 18:05:01 INFO  Progress (1): 287/311 kB
2026.05.16 18:05:01 INFO  Progress (1): 303/311 kB
2026.05.16 18:05:01 INFO  Progress (1): 311 kB    
2026.05.16 18:05:02 INFO                      
2026.05.16 18:05:02 INFO  Downloaded from central: https://repo.maven.apache.org/maven2/jakarta/persistence/jakarta.persistence-api/3.2.0/jakarta.persistence-api-3.2.0-sources.jar (311 kB at 614 kB/s)
2026.05.16 18:05:02 INFO  [INFO] SUCCESS: jakarta.persistence:jakarta.persistence-api:jar:3.2.0:compile (sources = true)
2026.05.16 18:05:02 INFO  [INFO] Resolving artifact: org.awaitility:awaitility:jar:4.3.0:test (sources = false)
2026.05.16 18:05:02 INFO  [INFO] SUCCESS: org.awaitility:awaitility:jar:4.3.0:test (sources = false)
2026.05.16 18:05:02 INFO  [INFO] Resolving artifact: org.awaitility:awaitility:jar:4.3.0:test (sources = true)
2026.05.16 18:05:02 INFO  Downloading from central: https://repo.maven.apache.org/maven2/org/awaitility/awaitility/4.3.0/awaitility-4.3.0-sources.jar
2026.05.16 18:05:02 INFO  Progress (1): 7.7/80 kB
2026.05.16 18:05:02 INFO  Progress (1): 8.2/80 kB
2026.05.16 18:05:02 INFO  Progress (1): 25/80 kB 
2026.05.16 18:05:02 INFO  Progress (1): 41/80 kB
2026.05.16 18:05:02 INFO  Progress (1): 57/80 kB
2026.05.16 18:05:02 INFO  Progress (1): 74/80 kB
2026.05.16 18:05:02 INFO  Progress (1): 80 kB   
2026.05.16 18:05:02 INFO                     
2026.05.16 18:05:02 INFO  Downloaded from central: https://repo.maven.apache.org/maven2/org/awaitility/awaitility/4.3.0/awaitility-4.3.0-sources.jar (80 kB at 244 kB/s)
2026.05.16 18:05:02 INFO  [INFO] SUCCESS: org.awaitility:awaitility:jar:4.3.0:test (sources = true)
2026.05.16 18:05:02 INFO  [INFO] Resolving artifact: org.springframework.boot:spring-boot-devtools:jar:4.0.5:runtime (sources = false)
2026.05.16 18:05:02 INFO  [INFO] SUCCESS: org.springframework.boot:spring-boot-devtools:jar:4.0.5:runtime (sources = false)
2026.05.16 18:05:02 INFO  [INFO] Resolving artifact: org.springframework.boot:spring-boot-devtools:jar:4.0.5:runtime (sources = true)
2026.05.16 18:05:02 INFO  Downloading from central: https://repo.maven.apache.org/maven2/org/springframework/boot/spring-boot-devtools/4.0.5/spring-boot-devtools-4.0.5-sources.jar
2026.05.16 18:05:02 INFO  Progress (1): 7.7/142 kB
2026.05.16 18:05:02 INFO  Progress (1): 16/142 kB 
2026.05.16 18:05:02 INFO  Progress (1): 25/142 kB
2026.05.16 18:05:02 INFO  Progress (1): 41/142 kB
2026.05.16 18:05:02 INFO  Progress (1): 57/142 kB
2026.05.16 18:05:02 INFO  Progress (1): 74/142 kB
2026.05.16 18:05:02 INFO  Progress (1): 90/142 kB
2026.05.16 18:05:02 INFO  Progress (1): 106/142 kB
2026.05.16 18:05:02 INFO  Progress (1): 123/142 kB
2026.05.16 18:05:02 INFO  Progress (1): 139/142 kB
2026.05.16 18:05:02 INFO  Progress (1): 142 kB    
2026.05.16 18:05:02 INFO                      
2026.05.16 18:05:02 INFO  Downloaded from central: https://repo.maven.apache.org/maven2/org/springframework/boot/spring-boot-devtools/4.0.5/spring-boot-devtools-4.0.5-sources.jar (142 kB at 353 kB/s)
2026.05.16 18:05:02 INFO  [INFO] SUCCESS: org.springframework.boot:spring-boot-devtools:jar:4.0.5:runtime (sources = true)
2026.05.16 18:05:02 INFO  [INFO] Resolving artifact: org.springframework.boot:spring-boot-thymeleaf:jar:4.0.5:compile (sources = false)
2026.05.16 18:05:02 INFO  [INFO] SUCCESS: org.springframework.boot:spring-boot-thymeleaf:jar:4.0.5:compile (sources = false)
2026.05.16 18:05:02 INFO  [INFO] Resolving artifact: org.springframework.boot:spring-boot-thymeleaf:jar:4.0.5:compile (sources = true)
2026.05.16 18:05:02 INFO  Downloading from central: https://repo.maven.apache.org/maven2/org/springframework/boot/spring-boot-thymeleaf/4.0.5/spring-boot-thymeleaf-4.0.5-sources.jar
2026.05.16 18:05:02 INFO  Progress (1): 7.7/16 kB
2026.05.16 18:05:02 INFO  Progress (1): 16/16 kB 
2026.05.16 18:05:02 INFO  Progress (1): 16 kB   
2026.05.16 18:05:05 INFO                     
2026.05.16 18:05:05 INFO  Downloaded from central: https://repo.maven.apache.org/maven2/org/springframework/boot/spring-boot-thymeleaf/4.0.5/spring-boot-thymeleaf-4.0.5-sources.jar (16 kB at 7.0 kB/s)
2026.05.16 18:05:07 INFO  [INFO] SUCCESS: org.springframework.boot:spring-boot-thymeleaf:jar:4.0.5:compile (sources = true)
2026.05.16 18:05:07 INFO  [INFO] Resolving artifact: org.springframework.security:spring-security-test:jar:7.0.4:test (sources = false)
2026.05.16 18:05:07 INFO  [INFO] SUCCESS: org.springframework.security:spring-security-test:jar:7.0.4:test (sources = false)
2026.05.16 18:05:07 INFO  [INFO] Resolving artifact: org.springframework.security:spring-security-test:jar:7.0.4:test (sources = true)
2026.05.16 18:05:07 INFO  Downloading from central: https://repo.maven.apache.org/maven2/org/springframework/security/spring-security-test/7.0.4/spring-security-test-7.0.4-sources.jar
2026.05.16 18:05:07 INFO  Progress (1): 8.2/68 kB
2026.05.16 18:05:07 INFO  Progress (1): 25/68 kB 
2026.05.16 18:05:07 INFO  Progress (1): 41/68 kB
2026.05.16 18:05:07 INFO  Progress (1): 57/68 kB
2026.05.16 18:05:07 INFO  Progress (1): 68 kB   
2026.05.16 18:05:09 INFO                     
2026.05.16 18:05:09 INFO  Downloaded from central: https://repo.maven.apache.org/maven2/org/springframework/security/spring-security-test/7.0.4/spring-security-test-7.0.4-sources.jar (68 kB at 79 kB/s)
2026.05.16 18:05:09 INFO  [INFO] SUCCESS: org.springframework.security:spring-security-test:jar:7.0.4:test (sources = true)
2026.05.16 18:05:09 INFO  [INFO] Resolving artifact: org.aspectj:aspectjweaver:jar:1.9.25.1:compile (sources = false)
2026.05.16 18:05:09 INFO  [INFO] SUCCESS: org.aspectj:aspectjweaver:jar:1.9.25.1:compile (sources = false)
2026.05.16 18:05:09 INFO  [INFO] Resolving artifact: org.aspectj:aspectjweaver:jar:1.9.25.1:compile (sources = true)
2026.05.16 18:05:09 INFO  [INFO] SUCCESS: org.aspectj:aspectjweaver:jar:1.9.25.1:compile (sources = true)
2026.05.16 18:05:09 INFO  [INFO] Resolving artifact: org.thymeleaf:thymeleaf-spring6:jar:3.1.3.RELEASE:compile (sources = false)
2026.05.16 18:05:09 INFO  [INFO] SUCCESS: org.thymeleaf:thymeleaf-spring6:jar:3.1.3.RELEASE:compile (sources = false)
2026.05.16 18:05:09 INFO  [INFO] Resolving artifact: org.thymeleaf:thymeleaf-spring6:jar:3.1.3.RELEASE:compile (sources = true)
2026.05.16 18:05:09 INFO  Downloading from central: https://repo.maven.apache.org/maven2/org/thymeleaf/thymeleaf-spring6/3.1.3.RELEASE/thymeleaf-spring6-3.1.3.RELEASE-sources.jar
2026.05.16 18:05:09 INFO  Progress (1): 7.7/187 kB
2026.05.16 18:05:09 INFO  Progress (1): 16/187 kB 
2026.05.16 18:05:09 INFO  Progress (1): 28/187 kB
2026.05.16 18:05:09 INFO  Progress (1): 44/187 kB
2026.05.16 18:05:09 INFO  Progress (1): 61/187 kB
2026.05.16 18:05:09 INFO  Progress (1): 77/187 kB
2026.05.16 18:05:09 INFO  Progress (1): 93/187 kB
2026.05.16 18:05:09 INFO  Progress (1): 110/187 kB
2026.05.16 18:05:09 INFO  Progress (1): 126/187 kB
2026.05.16 18:05:09 INFO  Progress (1): 142/187 kB
2026.05.16 18:05:09 INFO  Progress (1): 159/187 kB
2026.05.16 18:05:09 INFO  Progress (1): 175/187 kB
2026.05.16 18:05:09 INFO  Progress (1): 187 kB    
2026.05.16 18:05:09 INFO                      
2026.05.16 18:05:09 INFO  Downloaded from central: https://repo.maven.apache.org/maven2/org/thymeleaf/thymeleaf-spring6/3.1.3.RELEASE/thymeleaf-spring6-3.1.3.RELEASE-sources.jar (187 kB at 317 kB/s)
2026.05.16 18:05:09 INFO  [INFO] SUCCESS: org.thymeleaf:thymeleaf-spring6:jar:3.1.3.RELEASE:compile (sources = true)
2026.05.16 18:05:09 INFO  [INFO] Resolving artifact: org.springframework.boot:spring-boot-starter-security:jar:4.0.5:compile (sources = false)
2026.05.16 18:05:09 INFO  [INFO] SUCCESS: org.springframework.boot:spring-boot-starter-security:jar:4.0.5:compile (sources = false)
2026.05.16 18:05:09 INFO  [INFO] Resolving artifact: org.springframework.boot:spring-boot-starter-security:jar:4.0.5:compile (sources = true)
2026.05.16 18:05:09 INFO  Downloading from central: https://repo.maven.apache.org/maven2/org/springframework/boot/spring-boot-starter-security/4.0.5/spring-boot-starter-security-4.0.5-sources.jar
2026.05.16 18:05:09 INFO  Progress (1): 4.7 kB
2026.05.16 18:05:10 INFO                      
2026.05.16 18:05:10 INFO  Downloaded from central: https://repo.maven.apache.org/maven2/org/springframework/boot/spring-boot-starter-security/4.0.5/spring-boot-starter-security-4.0.5-sources.jar (4.7 kB at 19 kB/s)
2026.05.16 18:05:10 INFO  [INFO] SUCCESS: org.springframework.boot:spring-boot-starter-security:jar:4.0.5:compile (sources = true)
2026.05.16 18:05:10 INFO  [INFO] Resolving artifact: org.springframework.security:spring-security-config:jar:7.0.4:compile (sources = false)
2026.05.16 18:05:10 INFO  [INFO] SUCCESS: org.springframework.security:spring-security-config:jar:7.0.4:compile (sources = false)
2026.05.16 18:05:10 INFO  [INFO] Resolving artifact: org.springframework.security:spring-security-config:jar:7.0.4:compile (sources = true)
2026.05.16 18:05:10 INFO  Downloading from central: https://repo.maven.apache.org/maven2/org/springframework/security/spring-security-config/7.0.4/spring-security-config-7.0.4-sources.jar
2026.05.16 18:05:10 INFO  Progress (1): 0/1.5 MB
2026.05.16 18:05:10 INFO  Progress (1): 0/1.5 MB
2026.05.16 18:05:10 INFO  Progress (1): 0/1.5 MB
2026.05.16 18:05:10 INFO  Progress (1): 0/1.5 MB
2026.05.16 18:05:10 INFO  Progress (1): 0.1/1.5 MB
2026.05.16 18:05:10 INFO  Progress (1): 0.1/1.5 MB
2026.05.16 18:05:10 INFO  Progress (1): 0.1/1.5 MB
2026.05.16 18:05:10 INFO  Progress (1): 0.1/1.5 MB
2026.05.16 18:05:10 INFO  Progress (1): 0.1/1.5 MB
2026.05.16 18:05:10 INFO  Progress (1): 0.1/1.5 MB
2026.05.16 18:05:10 INFO  Progress (1): 0.1/1.5 MB
2026.05.16 18:05:10 INFO  Progress (1): 0.1/1.5 MB
2026.05.16 18:05:10 INFO  Progress (1): 0.2/1.5 MB
2026.05.16 18:05:10 INFO  Progress (1): 0.2/1.5 MB
2026.05.16 18:05:10 INFO  Progress (1): 0.2/1.5 MB
2026.05.16 18:05:10 INFO  Progress (1): 0.2/1.5 MB
2026.05.16 18:05:10 INFO  Progress (1): 0.2/1.5 MB
2026.05.16 18:05:10 INFO  Progress (1): 0.2/1.5 MB
2026.05.16 18:05:10 INFO  Progress (1): 0.2/1.5 MB
2026.05.16 18:05:10 INFO  Progress (1): 0.2/1.5 MB
2026.05.16 18:05:10 INFO  Progress (1): 0.2/1.5 MB
2026.05.16 18:05:10 INFO  Progress (1): 0.3/1.5 MB
2026.05.16 18:05:10 INFO  Progress (1): 0.3/1.5 MB
2026.05.16 18:05:10 INFO  Progress (1): 0.3/1.5 MB
2026.05.16 18:05:10 INFO  Progress (1): 0.3/1.5 MB
2026.05.16 18:05:10 INFO  Progress (1): 0.3/1.5 MB
2026.05.16 18:05:10 INFO  Progress (1): 0.3/1.5 MB
2026.05.16 18:05:10 INFO  Progress (1): 0.4/1.5 MB
2026.05.16 18:05:10 INFO  Progress (1): 0.4/1.5 MB
2026.05.16 18:05:10 INFO  Progress (1): 0.4/1.5 MB
2026.05.16 18:05:10 INFO  Progress (1): 0.4/1.5 MB
2026.05.16 18:05:10 INFO  Progress (1): 0.4/1.5 MB
2026.05.16 18:05:10 INFO  Progress (1): 0.4/1.5 MB
2026.05.16 18:05:10 INFO  Progress (1): 0.5/1.5 MB
2026.05.16 18:05:10 INFO  Progress (1): 0.5/1.5 MB
2026.05.16 18:05:10 INFO  Progress (1): 0.5/1.5 MB
2026.05.16 18:05:10 INFO  Progress (1): 0.5/1.5 MB
2026.05.16 18:05:10 INFO  Progress (1): 0.5/1.5 MB
2026.05.16 18:05:10 INFO  Progress (1): 0.5/1.5 MB
2026.05.16 18:05:10 INFO  Progress (1): 0.6/1.5 MB
2026.05.16 18:05:10 INFO  Progress (1): 0.6/1.5 MB
2026.05.16 18:05:10 INFO  Progress (1): 0.6/1.5 MB
2026.05.16 18:05:10 INFO  Progress (1): 0.6/1.5 MB
2026.05.16 18:05:10 INFO  Progress (1): 0.6/1.5 MB
2026.05.16 18:05:10 INFO  Progress (1): 0.6/1.5 MB
2026.05.16 18:05:10 INFO  Progress (1): 0.7/1.5 MB
2026.05.16 18:05:10 INFO  Progress (1): 0.7/1.5 MB
2026.05.16 18:05:10 INFO  Progress (1): 0.7/1.5 MB
2026.05.16 18:05:10 INFO  Progress (1): 0.7/1.5 MB
2026.05.16 18:05:10 INFO  Progress (1): 0.7/1.5 MB
2026.05.16 18:05:10 INFO  Progress (1): 0.7/1.5 MB
2026.05.16 18:05:10 INFO  Progress (1): 0.8/1.5 MB
2026.05.16 18:05:10 INFO  Progress (1): 0.8/1.5 MB
2026.05.16 18:05:10 INFO  Progress (1): 0.8/1.5 MB
2026.05.16 18:05:10 INFO  Progress (1): 0.8/1.5 MB
2026.05.16 18:05:10 INFO  Progress (1): 0.8/1.5 MB
2026.05.16 18:05:10 INFO  Progress (1): 0.8/1.5 MB
2026.05.16 18:05:10 INFO  Progress (1): 0.9/1.5 MB
2026.05.16 18:05:10 INFO  Progress (1): 0.9/1.5 MB
2026.05.16 18:05:10 INFO  Progress (1): 0.9/1.5 MB
2026.05.16 18:05:10 INFO  Progress (1): 0.9/1.5 MB
2026.05.16 18:05:10 INFO  Progress (1): 0.9/1.5 MB
2026.05.16 18:05:10 INFO  Progress (1): 0.9/1.5 MB
2026.05.16 18:05:10 INFO  Progress (1): 1.0/1.5 MB
2026.05.16 18:05:10 INFO  Progress (1): 1.0/1.5 MB
2026.05.16 18:05:10 INFO  Progress (1): 1.0/1.5 MB
2026.05.16 18:05:10 INFO  Progress (1): 1.0/1.5 MB
2026.05.16 18:05:10 INFO  Progress (1): 1.0/1.5 MB
2026.05.16 18:05:10 INFO  Progress (1): 1.0/1.5 MB
2026.05.16 18:05:10 INFO  Progress (1): 1.0/1.5 MB
2026.05.16 18:05:10 INFO  Progress (1): 1.1/1.5 MB
2026.05.16 18:05:10 INFO  Progress (1): 1.1/1.5 MB
2026.05.16 18:05:10 INFO  Progress (1): 1.1/1.5 MB
2026.05.16 18:05:10 INFO  Progress (1): 1.1/1.5 MB
2026.05.16 18:05:10 INFO  Progress (1): 1.1/1.5 MB
2026.05.16 18:05:10 INFO  Progress (1): 1.1/1.5 MB
2026.05.16 18:05:10 INFO  Progress (1): 1.2/1.5 MB
2026.05.16 18:05:10 INFO  Progress (1): 1.2/1.5 MB
2026.05.16 18:05:10 INFO  Progress (1): 1.2/1.5 MB
2026.05.16 18:05:10 INFO  Progress (1): 1.2/1.5 MB
2026.05.16 18:05:10 INFO  Progress (1): 1.2/1.5 MB
2026.05.16 18:05:10 INFO  Progress (1): 1.2/1.5 MB
2026.05.16 18:05:10 INFO  Progress (1): 1.3/1.5 MB
2026.05.16 18:05:10 INFO  Progress (1): 1.3/1.5 MB
2026.05.16 18:05:10 INFO  Progress (1): 1.3/1.5 MB
2026.05.16 18:05:10 INFO  Progress (1): 1.3/1.5 MB
2026.05.16 18:05:10 INFO  Progress (1): 1.3/1.5 MB
2026.05.16 18:05:10 INFO  Progress (1): 1.3/1.5 MB
2026.05.16 18:05:10 INFO  Progress (1): 1.4/1.5 MB
2026.05.16 18:05:10 INFO  Progress (1): 1.4/1.5 MB
2026.05.16 18:05:10 INFO  Progress (1): 1.4/1.5 MB
2026.05.16 18:05:10 INFO  Progress (1): 1.4/1.5 MB
2026.05.16 18:05:10 INFO  Progress (1): 1.4/1.5 MB
2026.05.16 18:05:10 INFO  Progress (1): 1.4/1.5 MB
2026.05.16 18:05:10 INFO  Progress (1): 1.5/1.5 MB
2026.05.16 18:05:10 INFO  Progress (1): 1.5/1.5 MB
2026.05.16 18:05:10 INFO  Progress (1): 1.5/1.5 MB
2026.05.16 18:05:10 INFO  Progress (1): 1.5/1.5 MB
2026.05.16 18:05:10 INFO  Progress (1): 1.5/1.5 MB
2026.05.16 18:05:10 INFO  Progress (1): 1.5 MB    
2026.05.16 18:05:10 INFO                      
2026.05.16 18:05:10 INFO  Downloaded from central: https://repo.maven.apache.org/maven2/org/springframework/security/spring-security-config/7.0.4/spring-security-config-7.0.4-sources.jar (1.5 MB at 2.0 MB/s)
2026.05.16 18:05:10 INFO  [INFO] SUCCESS: org.springframework.security:spring-security-config:jar:7.0.4:compile (sources = true)
2026.05.16 18:05:10 INFO  [INFO] Resolving artifact: net.minidev:json-smart:jar:2.6.0:test (sources = false)
2026.05.16 18:05:10 INFO  [INFO] SUCCESS: net.minidev:json-smart:jar:2.6.0:test (sources = false)
2026.05.16 18:05:10 INFO  [INFO] Resolving artifact: net.minidev:json-smart:jar:2.6.0:test (sources = true)
2026.05.16 18:05:10 INFO  Downloading from central: https://repo.maven.apache.org/maven2/net/minidev/json-smart/2.6.0/json-smart-2.6.0-sources.jar
2026.05.16 18:05:10 INFO  Progress (1): 7.7/63 kB
2026.05.16 18:05:10 INFO  Progress (1): 16/63 kB 
2026.05.16 18:05:10 INFO  Progress (1): 25/63 kB
2026.05.16 18:05:10 INFO  Progress (1): 41/63 kB
2026.05.16 18:05:10 INFO  Progress (1): 57/63 kB
2026.05.16 18:05:10 INFO  Progress (1): 63 kB   
2026.05.16 18:05:11 INFO                     
2026.05.16 18:05:11 INFO  Downloaded from central: https://repo.maven.apache.org/maven2/net/minidev/json-smart/2.6.0/json-smart-2.6.0-sources.jar (63 kB at 193 kB/s)
2026.05.16 18:05:11 INFO  [INFO] SUCCESS: net.minidev:json-smart:jar:2.6.0:test (sources = true)
2026.05.16 18:05:11 INFO  [INFO] Resolving artifact: org.springframework.boot:spring-boot-hibernate:jar:4.0.5:compile (sources = false)
2026.05.16 18:05:11 INFO  [INFO] SUCCESS: org.springframework.boot:spring-boot-hibernate:jar:4.0.5:compile (sources = false)
2026.05.16 18:05:11 INFO  [INFO] Resolving artifact: org.springframework.boot:spring-boot-hibernate:jar:4.0.5:compile (sources = true)
2026.05.16 18:05:11 INFO  Downloading from central: https://repo.maven.apache.org/maven2/org/springframework/boot/spring-boot-hibernate/4.0.5/spring-boot-hibernate-4.0.5-sources.jar
2026.05.16 18:05:11 INFO  Progress (1): 3.2/22 kB
2026.05.16 18:05:11 INFO  Progress (1): 20/22 kB 
2026.05.16 18:05:11 INFO  Progress (1): 22 kB   
2026.05.16 18:05:17 INFO                     
2026.05.16 18:05:17 INFO  Downloaded from central: https://repo.maven.apache.org/maven2/org/springframework/boot/spring-boot-hibernate/4.0.5/spring-boot-hibernate-4.0.5-sources.jar (22 kB at 4.1 kB/s)
2026.05.16 18:05:17 INFO  [INFO] SUCCESS: org.springframework.boot:spring-boot-hibernate:jar:4.0.5:compile (sources = true)
2026.05.16 18:05:17 INFO  [INFO] Resolving artifact: org.glassfish.jaxb:jaxb-runtime:jar:4.0.6:runtime (sources = false)
2026.05.16 18:05:17 INFO  [INFO] SUCCESS: org.glassfish.jaxb:jaxb-runtime:jar:4.0.6:runtime (sources = false)
2026.05.16 18:05:17 INFO  [INFO] Resolving artifact: org.glassfish.jaxb:jaxb-runtime:jar:4.0.6:runtime (sources = true)
2026.05.16 18:05:17 INFO  [INFO] SUCCESS: org.glassfish.jaxb:jaxb-runtime:jar:4.0.6:runtime (sources = true)
2026.05.16 18:05:17 INFO  [INFO] Resolving artifact: org.springframework.boot:spring-boot-tomcat:jar:4.0.5:compile (sources = false)
2026.05.16 18:05:17 INFO  [INFO] SUCCESS: org.springframework.boot:spring-boot-tomcat:jar:4.0.5:compile (sources = false)
2026.05.16 18:05:17 INFO  [INFO] Resolving artifact: org.springframework.boot:spring-boot-tomcat:jar:4.0.5:compile (sources = true)
2026.05.16 18:05:17 INFO  Downloading from central: https://repo.maven.apache.org/maven2/org/springframework/boot/spring-boot-tomcat/4.0.5/spring-boot-tomcat-4.0.5-sources.jar
2026.05.16 18:05:17 INFO  Progress (1): 7.7/79 kB
2026.05.16 18:05:17 INFO  Progress (1): 8.2/79 kB
2026.05.16 18:05:17 INFO  Progress (1): 25/79 kB 
2026.05.16 18:05:17 INFO  Progress (1): 41/79 kB
2026.05.16 18:05:17 INFO  Progress (1): 57/79 kB
2026.05.16 18:05:17 INFO  Progress (1): 74/79 kB
2026.05.16 18:05:17 INFO  Progress (1): 79 kB   
2026.05.16 18:05:17 INFO                     
2026.05.16 18:05:17 INFO  Downloaded from central: https://repo.maven.apache.org/maven2/org/springframework/boot/spring-boot-tomcat/4.0.5/spring-boot-tomcat-4.0.5-sources.jar (79 kB at 222 kB/s)
2026.05.16 18:05:17 INFO  [INFO] SUCCESS: org.springframework.boot:spring-boot-tomcat:jar:4.0.5:compile (sources = true)
2026.05.16 18:05:17 INFO  [INFO] Resolving artifact: org.springframework.boot:spring-boot-persistence:jar:4.0.5:compile (sources = false)
2026.05.16 18:05:17 INFO  [INFO] SUCCESS: org.springframework.boot:spring-boot-persistence:jar:4.0.5:compile (sources = false)
2026.05.16 18:05:17 INFO  [INFO] Resolving artifact: org.springframework.boot:spring-boot-persistence:jar:4.0.5:compile (sources = true)
2026.05.16 18:05:17 INFO  Downloading from central: https://repo.maven.apache.org/maven2/org/springframework/boot/spring-boot-persistence/4.0.5/spring-boot-persistence-4.0.5-sources.jar
2026.05.16 18:05:17 INFO  Progress (1): 7.7/13 kB
2026.05.16 18:05:17 INFO  Progress (1): 8.2/13 kB
2026.05.16 18:05:17 INFO  Progress (1): 13 kB    
2026.05.16 18:05:18 INFO                     
2026.05.16 18:05:18 INFO  Downloaded from central: https://repo.maven.apache.org/maven2/org/springframework/boot/spring-boot-persistence/4.0.5/spring-boot-persistence-4.0.5-sources.jar (13 kB at 13 kB/s)
2026.05.16 18:05:18 INFO  [INFO] SUCCESS: org.springframework.boot:spring-boot-persistence:jar:4.0.5:compile (sources = true)
2026.05.16 18:05:18 INFO  [INFO] Resolving artifact: org.junit.jupiter:junit-jupiter-engine:jar:6.0.3:test (sources = false)
2026.05.16 18:05:18 INFO  [INFO] SUCCESS: org.junit.jupiter:junit-jupiter-engine:jar:6.0.3:test (sources = false)
2026.05.16 18:05:18 INFO  [INFO] Resolving artifact: org.junit.jupiter:junit-jupiter-engine:jar:6.0.3:test (sources = true)
2026.05.16 18:05:18 INFO  Downloading from central: https://repo.maven.apache.org/maven2/org/junit/jupiter/junit-jupiter-engine/6.0.3/junit-jupiter-engine-6.0.3-sources.jar
2026.05.16 18:05:18 INFO  Progress (1): 7.7/173 kB
2026.05.16 18:05:18 INFO  Progress (1): 16/173 kB 
2026.05.16 18:05:18 INFO  Progress (1): 25/173 kB
2026.05.16 18:05:18 INFO  Progress (1): 41/173 kB
2026.05.16 18:05:18 INFO  Progress (1): 57/173 kB
2026.05.16 18:05:18 INFO  Progress (1): 74/173 kB
2026.05.16 18:05:18 INFO  Progress (1): 90/173 kB
2026.05.16 18:05:18 INFO  Progress (1): 106/173 kB
2026.05.16 18:05:18 INFO  Progress (1): 123/173 kB
2026.05.16 18:05:18 INFO  Progress (1): 139/173 kB
2026.05.16 18:05:18 INFO  Progress (1): 156/173 kB
2026.05.16 18:05:18 INFO  Progress (1): 172/173 kB
2026.05.16 18:05:18 INFO  Progress (1): 173 kB    
2026.05.16 18:05:20 INFO                      
2026.05.16 18:05:20 INFO  Downloaded from central: https://repo.maven.apache.org/maven2/org/junit/jupiter/junit-jupiter-engine/6.0.3/junit-jupiter-engine-6.0.3-sources.jar (173 kB at 128 kB/s)
2026.05.16 18:05:20 INFO  [INFO] SUCCESS: org.junit.jupiter:junit-jupiter-engine:jar:6.0.3:test (sources = true)
2026.05.16 18:05:20 INFO  [INFO] Resolving artifact: com.fasterxml:classmate:jar:1.7.3:runtime (sources = false)
2026.05.16 18:05:20 INFO  [INFO] SUCCESS: com.fasterxml:classmate:jar:1.7.3:runtime (sources = false)
2026.05.16 18:05:20 INFO  [INFO] Resolving artifact: com.fasterxml:classmate:jar:1.7.3:runtime (sources = true)
2026.05.16 18:05:20 INFO  [INFO] SUCCESS: com.fasterxml:classmate:jar:1.7.3:runtime (sources = true)
2026.05.16 18:05:20 INFO  [INFO] Resolving artifact: org.springframework.boot:spring-boot-starter-logging:jar:4.0.5:compile (sources = false)
2026.05.16 18:05:20 INFO  [INFO] SUCCESS: org.springframework.boot:spring-boot-starter-logging:jar:4.0.5:compile (sources = false)
2026.05.16 18:05:20 INFO  [INFO] Resolving artifact: org.springframework.boot:spring-boot-starter-logging:jar:4.0.5:compile (sources = true)
2026.05.16 18:05:20 INFO  Downloading from central: https://repo.maven.apache.org/maven2/org/springframework/boot/spring-boot-starter-logging/4.0.5/spring-boot-starter-logging-4.0.5-sources.jar
2026.05.16 18:05:20 INFO  Progress (1): 4.7 kB
2026.05.16 18:05:20 INFO                      
2026.05.16 18:05:20 INFO  Downloaded from central: https://repo.maven.apache.org/maven2/org/springframework/boot/spring-boot-starter-logging/4.0.5/spring-boot-starter-logging-4.0.5-sources.jar (4.7 kB at 40 kB/s)
2026.05.16 18:05:20 INFO  [INFO] SUCCESS: org.springframework.boot:spring-boot-starter-logging:jar:4.0.5:compile (sources = true)
2026.05.16 18:05:20 INFO  [INFO] Resolving artifact: org.springframework.security:spring-security-core:jar:7.0.4:compile (sources = false)
2026.05.16 18:05:20 INFO  [INFO] SUCCESS: org.springframework.security:spring-security-core:jar:7.0.4:compile (sources = false)
2026.05.16 18:05:20 INFO  [INFO] Resolving artifact: org.springframework.security:spring-security-core:jar:7.0.4:compile (sources = true)
2026.05.16 18:05:20 INFO  Downloading from central: https://repo.maven.apache.org/maven2/org/springframework/security/spring-security-core/7.0.4/spring-security-core-7.0.4-sources.jar
2026.05.16 18:05:20 INFO  Progress (1): 7.7/551 kB
2026.05.16 18:05:20 INFO  Progress (1): 16/551 kB 
2026.05.16 18:05:20 INFO  Progress (1): 25/551 kB
2026.05.16 18:05:20 INFO  Progress (1): 41/551 kB
2026.05.16 18:05:20 INFO  Progress (1): 57/551 kB
2026.05.16 18:05:20 INFO  Progress (1): 74/551 kB
2026.05.16 18:05:20 INFO  Progress (1): 90/551 kB
2026.05.16 18:05:20 INFO  Progress (1): 106/551 kB
2026.05.16 18:05:20 INFO  Progress (1): 123/551 kB
2026.05.16 18:05:20 INFO  Progress (1): 139/551 kB
2026.05.16 18:05:20 INFO  Progress (1): 156/551 kB
2026.05.16 18:05:20 INFO  Progress (1): 172/551 kB
2026.05.16 18:05:20 INFO  Progress (1): 188/551 kB
2026.05.16 18:05:20 INFO  Progress (1): 205/551 kB
2026.05.16 18:05:20 INFO  Progress (1): 221/551 kB
2026.05.16 18:05:20 INFO  Progress (1): 238/551 kB
2026.05.16 18:05:20 INFO  Progress (1): 254/551 kB
2026.05.16 18:05:20 INFO  Progress (1): 270/551 kB
2026.05.16 18:05:20 INFO  Progress (1): 287/551 kB
2026.05.16 18:05:20 INFO  Progress (1): 303/551 kB
2026.05.16 18:05:20 INFO  Progress (1): 319/551 kB
2026.05.16 18:05:20 INFO  Progress (1): 336/551 kB
2026.05.16 18:05:20 INFO  Progress (1): 352/551 kB
2026.05.16 18:05:20 INFO  Progress (1): 369/551 kB
2026.05.16 18:05:20 INFO  Progress (1): 385/551 kB
2026.05.16 18:05:20 INFO  Progress (1): 401/551 kB
2026.05.16 18:05:20 INFO  Progress (1): 418/551 kB
2026.05.16 18:05:20 INFO  Progress (1): 434/551 kB
2026.05.16 18:05:20 INFO  Progress (1): 451/551 kB
2026.05.16 18:05:20 INFO  Progress (1): 467/551 kB
2026.05.16 18:05:20 INFO  Progress (1): 483/551 kB
2026.05.16 18:05:20 INFO  Progress (1): 500/551 kB
2026.05.16 18:05:20 INFO  Progress (1): 516/551 kB
2026.05.16 18:05:20 INFO  Progress (1): 532/551 kB
2026.05.16 18:05:20 INFO  Progress (1): 549/551 kB
2026.05.16 18:05:20 INFO  Progress (1): 551 kB    
2026.05.16 18:05:20 INFO                      
2026.05.16 18:05:20 INFO  Downloaded from central: https://repo.maven.apache.org/maven2/org/springframework/security/spring-security-core/7.0.4/spring-security-core-7.0.4-sources.jar (551 kB at 1.1 MB/s)
2026.05.16 18:05:20 INFO  [INFO] SUCCESS: org.springframework.security:spring-security-core:jar:7.0.4:compile (sources = true)
2026.05.16 18:05:20 INFO  [INFO] Resolving artifact: net.minidev:accessors-smart:jar:2.6.0:test (sources = false)
2026.05.16 18:05:20 INFO  [INFO] SUCCESS: net.minidev:accessors-smart:jar:2.6.0:test (sources = false)
2026.05.16 18:05:20 INFO  [INFO] Resolving artifact: net.minidev:accessors-smart:jar:2.6.0:test (sources = true)
2026.05.16 18:05:20 INFO  Downloading from central: https://repo.maven.apache.org/maven2/net/minidev/accessors-smart/2.6.0/accessors-smart-2.6.0-sources.jar
2026.05.16 18:05:20 INFO  Progress (1): 7.7/23 kB
2026.05.16 18:05:20 INFO  Progress (1): 11/23 kB 
2026.05.16 18:05:20 INFO  Progress (1): 23 kB   
2026.05.16 18:05:23 INFO                     
2026.05.16 18:05:23 INFO  Downloaded from central: https://repo.maven.apache.org/maven2/net/minidev/accessors-smart/2.6.0/accessors-smart-2.6.0-sources.jar (23 kB at 11 kB/s)
2026.05.16 18:05:23 INFO  [INFO] SUCCESS: net.minidev:accessors-smart:jar:2.6.0:test (sources = true)
2026.05.16 18:05:23 INFO  [INFO] Resolving artifact: org.springframework.boot:spring-boot-autoconfigure:jar:4.0.5:compile (sources = false)
2026.05.16 18:05:23 INFO  [INFO] SUCCESS: org.springframework.boot:spring-boot-autoconfigure:jar:4.0.5:compile (sources = false)
2026.05.16 18:05:23 INFO  [INFO] Resolving artifact: org.springframework.boot:spring-boot-autoconfigure:jar:4.0.5:compile (sources = true)
2026.05.16 18:05:23 INFO  Downloading from central: https://repo.maven.apache.org/maven2/org/springframework/boot/spring-boot-autoconfigure/4.0.5/spring-boot-autoconfigure-4.0.5-sources.jar
2026.05.16 18:05:23 INFO  Progress (1): 7.7/233 kB
2026.05.16 18:05:23 INFO  Progress (1): 16/233 kB 
2026.05.16 18:05:23 INFO  Progress (1): 25/233 kB
2026.05.16 18:05:23 INFO  Progress (1): 41/233 kB
2026.05.16 18:05:23 INFO  Progress (1): 57/233 kB
2026.05.16 18:05:23 INFO  Progress (1): 74/233 kB
2026.05.16 18:05:23 INFO  Progress (1): 90/233 kB
2026.05.16 18:05:23 INFO  Progress (1): 106/233 kB
2026.05.16 18:05:23 INFO  Progress (1): 123/233 kB
2026.05.16 18:05:23 INFO  Progress (1): 139/233 kB
2026.05.16 18:05:23 INFO  Progress (1): 156/233 kB
2026.05.16 18:05:23 INFO  Progress (1): 172/233 kB
2026.05.16 18:05:23 INFO  Progress (1): 188/233 kB
2026.05.16 18:05:23 INFO  Progress (1): 197/233 kB
2026.05.16 18:05:23 INFO  Progress (1): 213/233 kB
2026.05.16 18:05:23 INFO  Progress (1): 229/233 kB
2026.05.16 18:05:23 INFO  Progress (1): 233 kB    
2026.05.16 18:05:23 INFO                      
2026.05.16 18:05:23 INFO  Downloaded from central: https://repo.maven.apache.org/maven2/org/springframework/boot/spring-boot-autoconfigure/4.0.5/spring-boot-autoconfigure-4.0.5-sources.jar (233 kB at 544 kB/s)
2026.05.16 18:05:23 INFO  [INFO] SUCCESS: org.springframework.boot:spring-boot-autoconfigure:jar:4.0.5:compile (sources = true)
2026.05.16 18:05:23 INFO  [INFO] Resolving artifact: org.springframework.boot:spring-boot-servlet:jar:4.0.5:compile (sources = false)
2026.05.16 18:05:23 INFO  [INFO] SUCCESS: org.springframework.boot:spring-boot-servlet:jar:4.0.5:compile (sources = false)
2026.05.16 18:05:23 INFO  [INFO] Resolving artifact: org.springframework.boot:spring-boot-servlet:jar:4.0.5:compile (sources = true)
2026.05.16 18:05:23 INFO  Downloading from central: https://repo.maven.apache.org/maven2/org/springframework/boot/spring-boot-servlet/4.0.5/spring-boot-servlet-4.0.5-sources.jar
2026.05.16 18:05:23 INFO  Progress (1): 7.7/44 kB
2026.05.16 18:05:23 INFO  Progress (1): 16/44 kB 
2026.05.16 18:05:23 INFO  Progress (1): 25/44 kB
2026.05.16 18:05:23 INFO  Progress (1): 41/44 kB
2026.05.16 18:05:23 INFO  Progress (1): 44 kB   
2026.05.16 18:05:32 INFO                     
2026.05.16 18:05:32 INFO  Downloaded from central: https://repo.maven.apache.org/maven2/org/springframework/boot/spring-boot-servlet/4.0.5/spring-boot-servlet-4.0.5-sources.jar (44 kB at 4.9 kB/s)
2026.05.16 18:05:32 INFO  [INFO] SUCCESS: org.springframework.boot:spring-boot-servlet:jar:4.0.5:compile (sources = true)
2026.05.16 18:05:32 INFO  [INFO] Resolving artifact: org.junit.jupiter:junit-jupiter-params:jar:6.0.3:test (sources = false)
2026.05.16 18:05:32 INFO  [INFO] SUCCESS: org.junit.jupiter:junit-jupiter-params:jar:6.0.3:test (sources = false)
2026.05.16 18:05:32 INFO  [INFO] Resolving artifact: org.junit.jupiter:junit-jupiter-params:jar:6.0.3:test (sources = true)
2026.05.16 18:05:32 INFO  Downloading from central: https://repo.maven.apache.org/maven2/org/junit/jupiter/junit-jupiter-params/6.0.3/junit-jupiter-params-6.0.3-sources.jar
2026.05.16 18:05:32 INFO  Progress (1): 7.7/140 kB
2026.05.16 18:05:32 INFO  Progress (1): 16/140 kB 
2026.05.16 18:05:32 INFO  Progress (1): 25/140 kB
2026.05.16 18:05:32 INFO  Progress (1): 41/140 kB
2026.05.16 18:05:32 INFO  Progress (1): 57/140 kB
2026.05.16 18:05:32 INFO  Progress (1): 74/140 kB
2026.05.16 18:05:32 INFO  Progress (1): 90/140 kB
2026.05.16 18:05:32 INFO  Progress (1): 106/140 kB
2026.05.16 18:05:32 INFO  Progress (1): 123/140 kB
2026.05.16 18:05:32 INFO  Progress (1): 139/140 kB
2026.05.16 18:05:32 INFO  Progress (1): 140 kB    
2026.05.16 18:05:32 INFO                      
2026.05.16 18:05:32 INFO  Downloaded from central: https://repo.maven.apache.org/maven2/org/junit/jupiter/junit-jupiter-params/6.0.3/junit-jupiter-params-6.0.3-sources.jar (140 kB at 420 kB/s)
2026.05.16 18:05:32 INFO  [INFO] SUCCESS: org.junit.jupiter:junit-jupiter-params:jar:6.0.3:test (sources = true)
2026.05.16 18:05:32 INFO  [INFO] Resolving artifact: org.springframework.data:spring-data-commons:jar:4.0.4:compile (sources = false)
2026.05.16 18:05:32 INFO  [INFO] SUCCESS: org.springframework.data:spring-data-commons:jar:4.0.4:compile (sources = false)
2026.05.16 18:05:32 INFO  [INFO] Resolving artifact: org.springframework.data:spring-data-commons:jar:4.0.4:compile (sources = true)
2026.05.16 18:05:32 INFO  Downloading from central: https://repo.maven.apache.org/maven2/org/springframework/data/spring-data-commons/4.0.4/spring-data-commons-4.0.4-sources.jar
2026.05.16 18:05:32 INFO  Progress (1): 0/1.1 MB
2026.05.16 18:05:32 INFO  Progress (1): 0/1.1 MB
2026.05.16 18:05:32 INFO  Progress (1): 0/1.1 MB
2026.05.16 18:05:32 INFO  Progress (1): 0/1.1 MB
2026.05.16 18:05:32 INFO  Progress (1): 0/1.1 MB
2026.05.16 18:05:32 INFO  Progress (1): 0.1/1.1 MB
2026.05.16 18:05:32 INFO  Progress (1): 0.1/1.1 MB
2026.05.16 18:05:32 INFO  Progress (1): 0.1/1.1 MB
2026.05.16 18:05:32 INFO  Progress (1): 0.1/1.1 MB
2026.05.16 18:05:32 INFO  Progress (1): 0.1/1.1 MB
2026.05.16 18:05:32 INFO  Progress (1): 0.1/1.1 MB
2026.05.16 18:05:32 INFO  Progress (1): 0.1/1.1 MB
2026.05.16 18:05:32 INFO  Progress (1): 0.1/1.1 MB
2026.05.16 18:05:32 INFO  Progress (1): 0.2/1.1 MB
2026.05.16 18:05:32 INFO  Progress (1): 0.2/1.1 MB
2026.05.16 18:05:32 INFO  Progress (1): 0.2/1.1 MB
2026.05.16 18:05:32 INFO  Progress (1): 0.2/1.1 MB
2026.05.16 18:05:32 INFO  Progress (1): 0.2/1.1 MB
2026.05.16 18:05:32 INFO  Progress (1): 0.2/1.1 MB
2026.05.16 18:05:32 INFO  Progress (1): 0.2/1.1 MB
2026.05.16 18:05:32 INFO  Progress (1): 0.3/1.1 MB
2026.05.16 18:05:32 INFO  Progress (1): 0.3/1.1 MB
2026.05.16 18:05:32 INFO  Progress (1): 0.3/1.1 MB
2026.05.16 18:05:32 INFO  Progress (1): 0.3/1.1 MB
2026.05.16 18:05:32 INFO  Progress (1): 0.3/1.1 MB
2026.05.16 18:05:32 INFO  Progress (1): 0.3/1.1 MB
2026.05.16 18:05:32 INFO  Progress (1): 0.3/1.1 MB
2026.05.16 18:05:32 INFO  Progress (1): 0.4/1.1 MB
2026.05.16 18:05:32 INFO  Progress (1): 0.4/1.1 MB
2026.05.16 18:05:32 INFO  Progress (1): 0.4/1.1 MB
2026.05.16 18:05:32 INFO  Progress (1): 0.4/1.1 MB
2026.05.16 18:05:32 INFO  Progress (1): 0.4/1.1 MB
2026.05.16 18:05:32 INFO  Progress (1): 0.4/1.1 MB
2026.05.16 18:05:32 INFO  Progress (1): 0.4/1.1 MB
2026.05.16 18:05:32 INFO  Progress (1): 0.5/1.1 MB
2026.05.16 18:05:32 INFO  Progress (1): 0.5/1.1 MB
2026.05.16 18:05:32 INFO  Progress (1): 0.5/1.1 MB
2026.05.16 18:05:32 INFO  Progress (1): 0.5/1.1 MB
2026.05.16 18:05:32 INFO  Progress (1): 0.5/1.1 MB
2026.05.16 18:05:32 INFO  Progress (1): 0.5/1.1 MB
2026.05.16 18:05:32 INFO  Progress (1): 0.6/1.1 MB
2026.05.16 18:05:32 INFO  Progress (1): 0.6/1.1 MB
2026.05.16 18:05:32 INFO  Progress (1): 0.6/1.1 MB
2026.05.16 18:05:32 INFO  Progress (1): 0.6/1.1 MB
2026.05.16 18:05:32 INFO  Progress (1): 0.6/1.1 MB
2026.05.16 18:05:32 INFO  Progress (1): 0.6/1.1 MB
2026.05.16 18:05:32 INFO  Progress (1): 0.7/1.1 MB
2026.05.16 18:05:32 INFO  Progress (1): 0.7/1.1 MB
2026.05.16 18:05:32 INFO  Progress (1): 0.7/1.1 MB
2026.05.16 18:05:32 INFO  Progress (1): 0.7/1.1 MB
2026.05.16 18:05:32 INFO  Progress (1): 0.7/1.1 MB
2026.05.16 18:05:32 INFO  Progress (1): 0.7/1.1 MB
2026.05.16 18:05:32 INFO  Progress (1): 0.8/1.1 MB
2026.05.16 18:05:32 INFO  Progress (1): 0.8/1.1 MB
2026.05.16 18:05:32 INFO  Progress (1): 0.8/1.1 MB
2026.05.16 18:05:32 INFO  Progress (1): 0.8/1.1 MB
2026.05.16 18:05:32 INFO  Progress (1): 0.8/1.1 MB
2026.05.16 18:05:32 INFO  Progress (1): 0.8/1.1 MB
2026.05.16 18:05:32 INFO  Progress (1): 0.9/1.1 MB
2026.05.16 18:05:32 INFO  Progress (1): 0.9/1.1 MB
2026.05.16 18:05:32 INFO  Progress (1): 0.9/1.1 MB
2026.05.16 18:05:32 INFO  Progress (1): 0.9/1.1 MB
2026.05.16 18:05:32 INFO  Progress (1): 0.9/1.1 MB
2026.05.16 18:05:32 INFO  Progress (1): 0.9/1.1 MB
2026.05.16 18:05:32 INFO  Progress (1): 1.0/1.1 MB
2026.05.16 18:05:32 INFO  Progress (1): 1.0/1.1 MB
2026.05.16 18:05:32 INFO  Progress (1): 1.0/1.1 MB
2026.05.16 18:05:32 INFO  Progress (1): 1.0/1.1 MB
2026.05.16 18:05:32 INFO  Progress (1): 1.0/1.1 MB
2026.05.16 18:05:32 INFO  Progress (1): 1.0/1.1 MB
2026.05.16 18:05:32 INFO  Progress (1): 1.0/1.1 MB
2026.05.16 18:05:32 INFO  Progress (1): 1.1/1.1 MB
2026.05.16 18:05:32 INFO  Progress (1): 1.1 MB    
2026.05.16 18:05:32 INFO                      
2026.05.16 18:05:32 INFO  Downloaded from central: https://repo.maven.apache.org/maven2/org/springframework/data/spring-data-commons/4.0.4/spring-data-commons-4.0.4-sources.jar (1.1 MB at 2.3 MB/s)
2026.05.16 18:05:32 INFO  [INFO] SUCCESS: org.springframework.data:spring-data-commons:jar:4.0.4:compile (sources = true)
2026.05.16 18:05:32 INFO  [INFO] Resolving artifact: org.springframework:spring-aop:jar:7.0.6:compile (sources = false)
2026.05.16 18:05:32 INFO  [INFO] SUCCESS: org.springframework:spring-aop:jar:7.0.6:compile (sources = false)
2026.05.16 18:05:32 INFO  [INFO] Resolving artifact: org.springframework:spring-aop:jar:7.0.6:compile (sources = true)
2026.05.16 18:05:32 INFO  Downloading from central: https://repo.maven.apache.org/maven2/org/springframework/spring-aop/7.0.6/spring-aop-7.0.6-sources.jar
2026.05.16 18:05:32 INFO  Progress (1): 7.7/375 kB
2026.05.16 18:05:32 INFO  Progress (1): 8.2/375 kB
2026.05.16 18:05:32 INFO  Progress (1): 25/375 kB 
2026.05.16 18:05:32 INFO  Progress (1): 41/375 kB
2026.05.16 18:05:32 INFO  Progress (1): 57/375 kB
2026.05.16 18:05:32 INFO  Progress (1): 74/375 kB
2026.05.16 18:05:32 INFO  Progress (1): 90/375 kB
2026.05.16 18:05:32 INFO  Progress (1): 106/375 kB
2026.05.16 18:05:32 INFO  Progress (1): 115/375 kB
2026.05.16 18:05:32 INFO  Progress (1): 123/375 kB
2026.05.16 18:05:32 INFO  Progress (1): 131/375 kB
2026.05.16 18:05:32 INFO  Progress (1): 147/375 kB
2026.05.16 18:05:32 INFO  Progress (1): 164/375 kB
2026.05.16 18:05:32 INFO  Progress (1): 180/375 kB
2026.05.16 18:05:32 INFO  Progress (1): 188/375 kB
2026.05.16 18:05:32 INFO  Progress (1): 205/375 kB
2026.05.16 18:05:32 INFO  Progress (1): 213/375 kB
2026.05.16 18:05:32 INFO  Progress (1): 221/375 kB
2026.05.16 18:05:32 INFO  Progress (1): 238/375 kB
2026.05.16 18:05:32 INFO  Progress (1): 254/375 kB
2026.05.16 18:05:32 INFO  Progress (1): 270/375 kB
2026.05.16 18:05:32 INFO  Progress (1): 287/375 kB
2026.05.16 18:05:32 INFO  Progress (1): 303/375 kB
2026.05.16 18:05:33 INFO  Progress (1): 319/375 kB
2026.05.16 18:05:33 INFO  Progress (1): 336/375 kB
2026.05.16 18:05:33 INFO  Progress (1): 344/375 kB
2026.05.16 18:05:33 INFO  Progress (1): 360/375 kB
2026.05.16 18:05:33 INFO  Progress (1): 375 kB    
2026.05.16 18:05:33 INFO                      
2026.05.16 18:05:33 INFO  Downloaded from central: https://repo.maven.apache.org/maven2/org/springframework/spring-aop/7.0.6/spring-aop-7.0.6-sources.jar (375 kB at 1.3 MB/s)
2026.05.16 18:05:33 INFO  [INFO] SUCCESS: org.springframework:spring-aop:jar:7.0.6:compile (sources = true)
2026.05.16 18:05:33 INFO  [INFO] Resolving artifact: jakarta.xml.bind:jakarta.xml.bind-api:jar:4.0.4:runtime (sources = false)
2026.05.16 18:05:33 INFO  [INFO] SUCCESS: jakarta.xml.bind:jakarta.xml.bind-api:jar:4.0.4:runtime (sources = false)
2026.05.16 18:05:33 INFO  [INFO] Resolving artifact: jakarta.xml.bind:jakarta.xml.bind-api:jar:4.0.4:runtime (sources = true)
2026.05.16 18:05:33 INFO  [INFO] SUCCESS: jakarta.xml.bind:jakarta.xml.bind-api:jar:4.0.4:runtime (sources = true)
2026.05.16 18:05:33 INFO  [INFO] Resolving artifact: org.springframework.boot:spring-boot-jpa:jar:4.0.5:compile (sources = false)
2026.05.16 18:05:33 INFO  [INFO] SUCCESS: org.springframework.boot:spring-boot-jpa:jar:4.0.5:compile (sources = false)
2026.05.16 18:05:33 INFO  [INFO] Resolving artifact: org.springframework.boot:spring-boot-jpa:jar:4.0.5:compile (sources = true)
2026.05.16 18:05:33 INFO  Downloading from central: https://repo.maven.apache.org/maven2/org/springframework/boot/spring-boot-jpa/4.0.5/spring-boot-jpa-4.0.5-sources.jar
2026.05.16 18:05:33 INFO  Progress (1): 7.7/19 kB
2026.05.16 18:05:33 INFO  Progress (1): 8.2/19 kB
2026.05.16 18:05:33 INFO  Progress (1): 19 kB    
2026.05.16 18:05:38 INFO                     
2026.05.16 18:05:38 INFO  Downloaded from central: https://repo.maven.apache.org/maven2/org/springframework/boot/spring-boot-jpa/4.0.5/spring-boot-jpa-4.0.5-sources.jar (19 kB at 4.0 kB/s)
2026.05.16 18:05:38 INFO  [INFO] SUCCESS: org.springframework.boot:spring-boot-jpa:jar:4.0.5:compile (sources = true)
2026.05.16 18:05:38 INFO  [INFO] Resolving artifact: org.mockito:mockito-core:jar:5.20.0:test (sources = false)
2026.05.16 18:05:38 INFO  [INFO] SUCCESS: org.mockito:mockito-core:jar:5.20.0:test (sources = false)
2026.05.16 18:05:38 INFO  [INFO] Resolving artifact: org.mockito:mockito-core:jar:5.20.0:test (sources = true)
2026.05.16 18:05:38 INFO  Downloading from central: https://repo.maven.apache.org/maven2/org/mockito/mockito-core/5.20.0/mockito-core-5.20.0-sources.jar
2026.05.16 18:05:38 INFO  Progress (1): 7.7/543 kB
2026.05.16 18:05:38 INFO  Progress (1): 16/543 kB 
2026.05.16 18:05:38 INFO  Progress (1): 25/543 kB
2026.05.16 18:05:38 INFO  Progress (1): 41/543 kB
2026.05.16 18:05:38 INFO  Progress (1): 57/543 kB
2026.05.16 18:05:38 INFO  Progress (1): 74/543 kB
2026.05.16 18:05:38 INFO  Progress (1): 90/543 kB
2026.05.16 18:05:38 INFO  Progress (1): 106/543 kB
2026.05.16 18:05:38 INFO  Progress (1): 123/543 kB
2026.05.16 18:05:38 INFO  Progress (1): 139/543 kB
2026.05.16 18:05:38 INFO  Progress (1): 156/543 kB
2026.05.16 18:05:38 INFO  Progress (1): 172/543 kB
2026.05.16 18:05:38 INFO  Progress (1): 188/543 kB
2026.05.16 18:05:38 INFO  Progress (1): 205/543 kB
2026.05.16 18:05:38 INFO  Progress (1): 221/543 kB
2026.05.16 18:05:38 INFO  Progress (1): 238/543 kB
2026.05.16 18:05:38 INFO  Progress (1): 246/543 kB
2026.05.16 18:05:38 INFO  Progress (1): 262/543 kB
2026.05.16 18:05:38 INFO  Progress (1): 279/543 kB
2026.05.16 18:05:38 INFO  Progress (1): 295/543 kB
2026.05.16 18:05:38 INFO  Progress (1): 311/543 kB
2026.05.16 18:05:38 INFO  Progress (1): 328/543 kB
2026.05.16 18:05:38 INFO  Progress (1): 344/543 kB
2026.05.16 18:05:38 INFO  Progress (1): 360/543 kB
2026.05.16 18:05:38 INFO  Progress (1): 377/543 kB
2026.05.16 18:05:38 INFO  Progress (1): 393/543 kB
2026.05.16 18:05:38 INFO  Progress (1): 410/543 kB
2026.05.16 18:05:38 INFO  Progress (1): 426/543 kB
2026.05.16 18:05:38 INFO  Progress (1): 442/543 kB
2026.05.16 18:05:38 INFO  Progress (1): 459/543 kB
2026.05.16 18:05:38 INFO  Progress (1): 475/543 kB
2026.05.16 18:05:38 INFO  Progress (1): 492/543 kB
2026.05.16 18:05:38 INFO  Progress (1): 508/543 kB
2026.05.16 18:05:38 INFO  Progress (1): 524/543 kB
2026.05.16 18:05:38 INFO  Progress (1): 541/543 kB
2026.05.16 18:05:38 INFO  Progress (1): 543 kB    
2026.05.16 18:05:38 INFO                      
2026.05.16 18:05:38 INFO  Downloaded from central: https://repo.maven.apache.org/maven2/org/mockito/mockito-core/5.20.0/mockito-core-5.20.0-sources.jar (543 kB at 1.4 MB/s)
2026.05.16 18:05:38 INFO  [INFO] SUCCESS: org.mockito:mockito-core:jar:5.20.0:test (sources = true)
2026.05.16 18:05:38 INFO  [INFO] Resolving artifact: org.objenesis:objenesis:jar:3.3:test (sources = false)
2026.05.16 18:05:38 INFO  [INFO] SUCCESS: org.objenesis:objenesis:jar:3.3:test (sources = false)
2026.05.16 18:05:38 INFO  [INFO] Resolving artifact: org.objenesis:objenesis:jar:3.3:test (sources = true)
2026.05.16 18:05:38 INFO  [INFO] SUCCESS: org.objenesis:objenesis:jar:3.3:test (sources = true)
2026.05.16 18:05:38 INFO  [INFO] Resolving artifact: org.springframework.boot:spring-boot-starter-jdbc:jar:4.0.5:compile (sources = false)
2026.05.16 18:05:38 INFO  [INFO] SUCCESS: org.springframework.boot:spring-boot-starter-jdbc:jar:4.0.5:compile (sources = false)
2026.05.16 18:05:38 INFO  [INFO] Resolving artifact: org.springframework.boot:spring-boot-starter-jdbc:jar:4.0.5:compile (sources = true)
2026.05.16 18:05:38 INFO  Downloading from central: https://repo.maven.apache.org/maven2/org/springframework/boot/spring-boot-starter-jdbc/4.0.5/spring-boot-starter-jdbc-4.0.5-sources.jar
2026.05.16 18:05:38 INFO  Progress (1): 4.8 kB
2026.05.16 18:05:38 INFO                      
2026.05.16 18:05:38 INFO  Downloaded from central: https://repo.maven.apache.org/maven2/org/springframework/boot/spring-boot-starter-jdbc/4.0.5/spring-boot-starter-jdbc-4.0.5-sources.jar (4.8 kB at 41 kB/s)
2026.05.16 18:05:38 INFO  [INFO] SUCCESS: org.springframework.boot:spring-boot-starter-jdbc:jar:4.0.5:compile (sources = true)
2026.05.16 18:05:38 INFO  [INFO] Resolving artifact: org.apache.logging.log4j:log4j-api:jar:2.25.3:compile (sources = false)
2026.05.16 18:05:38 INFO  [INFO] SUCCESS: org.apache.logging.log4j:log4j-api:jar:2.25.3:compile (sources = false)
2026.05.16 18:05:38 INFO  [INFO] Resolving artifact: org.apache.logging.log4j:log4j-api:jar:2.25.3:compile (sources = true)
2026.05.16 18:05:38 INFO  Downloading from central: https://repo.maven.apache.org/maven2/org/apache/logging/log4j/log4j-api/2.25.3/log4j-api-2.25.3-sources.jar
2026.05.16 18:05:38 INFO  Progress (1): 7.7/295 kB
2026.05.16 18:05:38 INFO  Progress (1): 8.2/295 kB
2026.05.16 18:05:38 INFO  Progress (1): 25/295 kB 
2026.05.16 18:05:38 INFO  Progress (1): 33/295 kB
2026.05.16 18:05:38 INFO  Progress (1): 49/295 kB
2026.05.16 18:05:38 INFO  Progress (1): 66/295 kB
2026.05.16 18:05:38 INFO  Progress (1): 74/295 kB
2026.05.16 18:05:38 INFO  Progress (1): 90/295 kB
2026.05.16 18:05:38 INFO  Progress (1): 102/295 kB
2026.05.16 18:05:38 INFO  Progress (1): 118/295 kB
2026.05.16 18:05:38 INFO  Progress (1): 135/295 kB
2026.05.16 18:05:38 INFO  Progress (1): 143/295 kB
2026.05.16 18:05:38 INFO  Progress (1): 151/295 kB
2026.05.16 18:05:38 INFO  Progress (1): 159/295 kB
2026.05.16 18:05:38 INFO  Progress (1): 176/295 kB
2026.05.16 18:05:38 INFO  Progress (1): 180/295 kB
2026.05.16 18:05:38 INFO  Progress (1): 197/295 kB
2026.05.16 18:05:38 INFO  Progress (1): 205/295 kB
2026.05.16 18:05:38 INFO  Progress (1): 221/295 kB
2026.05.16 18:05:38 INFO  Progress (1): 238/295 kB
2026.05.16 18:05:38 INFO  Progress (1): 254/295 kB
2026.05.16 18:05:38 INFO  Progress (1): 262/295 kB
2026.05.16 18:05:38 INFO  Progress (1): 270/295 kB
2026.05.16 18:05:38 INFO  Progress (1): 279/295 kB
2026.05.16 18:05:38 INFO  Progress (1): 287/295 kB
2026.05.16 18:05:38 INFO  Progress (1): 295/295 kB
2026.05.16 18:05:38 INFO  Progress (1): 295 kB    
2026.05.16 18:05:39 INFO                      
2026.05.16 18:05:39 INFO  Downloaded from central: https://repo.maven.apache.org/maven2/org/apache/logging/log4j/log4j-api/2.25.3/log4j-api-2.25.3-sources.jar (295 kB at 701 kB/s)
2026.05.16 18:05:39 INFO  [INFO] SUCCESS: org.apache.logging.log4j:log4j-api:jar:2.25.3:compile (sources = true)
2026.05.16 18:05:39 INFO  [INFO] Resolving artifact: org.springframework:spring-expression:jar:7.0.6:compile (sources = false)
2026.05.16 18:05:39 INFO  [INFO] SUCCESS: org.springframework:spring-expression:jar:7.0.6:compile (sources = false)
2026.05.16 18:05:39 INFO  [INFO] Resolving artifact: org.springframework:spring-expression:jar:7.0.6:compile (sources = true)
2026.05.16 18:05:39 INFO  Downloading from central: https://repo.maven.apache.org/maven2/org/springframework/spring-expression/7.0.6/spring-expression-7.0.6-sources.jar
2026.05.16 18:05:39 INFO  Progress (1): 7.7/242 kB
2026.05.16 18:05:39 INFO  Progress (1): 16/242 kB 
2026.05.16 18:05:39 INFO  Progress (1): 25/242 kB
2026.05.16 18:05:39 INFO  Progress (1): 41/242 kB
2026.05.16 18:05:39 INFO  Progress (1): 57/242 kB
2026.05.16 18:05:39 INFO  Progress (1): 74/242 kB
2026.05.16 18:05:39 INFO  Progress (1): 90/242 kB
2026.05.16 18:05:39 INFO  Progress (1): 106/242 kB
2026.05.16 18:05:39 INFO  Progress (1): 123/242 kB
2026.05.16 18:05:39 INFO  Progress (1): 139/242 kB
2026.05.16 18:05:39 INFO  Progress (1): 156/242 kB
2026.05.16 18:05:39 INFO  Progress (1): 172/242 kB
2026.05.16 18:05:39 INFO  Progress (1): 188/242 kB
2026.05.16 18:05:39 INFO  Progress (1): 205/242 kB
2026.05.16 18:05:39 INFO  Progress (1): 221/242 kB
2026.05.16 18:05:39 INFO  Progress (1): 238/242 kB
2026.05.16 18:05:39 INFO  Progress (1): 242 kB    
2026.05.16 18:05:39 INFO                      
2026.05.16 18:05:39 INFO  Downloaded from central: https://repo.maven.apache.org/maven2/org/springframework/spring-expression/7.0.6/spring-expression-7.0.6-sources.jar (242 kB at 929 kB/s)
2026.05.16 18:05:39 INFO  [INFO] SUCCESS: org.springframework:spring-expression:jar:7.0.6:compile (sources = true)
2026.05.16 18:05:39 INFO  [INFO] Resolving artifact: ch.qos.logback:logback-core:jar:1.5.32:compile (sources = false)
2026.05.16 18:05:39 INFO  [INFO] SUCCESS: ch.qos.logback:logback-core:jar:1.5.32:compile (sources = false)
2026.05.16 18:05:39 INFO  [INFO] Resolving artifact: ch.qos.logback:logback-core:jar:1.5.32:compile (sources = true)
2026.05.16 18:05:39 INFO  Downloading from central: https://repo.maven.apache.org/maven2/ch/qos/logback/logback-core/1.5.32/logback-core-1.5.32-sources.jar
2026.05.16 18:05:39 INFO  Progress (1): 7.7/532 kB
2026.05.16 18:05:39 INFO  Progress (1): 16/532 kB 
2026.05.16 18:05:39 INFO  Progress (1): 25/532 kB
2026.05.16 18:05:39 INFO  Progress (1): 41/532 kB
2026.05.16 18:05:39 INFO  Progress (1): 57/532 kB
2026.05.16 18:05:39 INFO  Progress (1): 74/532 kB
2026.05.16 18:05:39 INFO  Progress (1): 90/532 kB
2026.05.16 18:05:39 INFO  Progress (1): 106/532 kB
2026.05.16 18:05:39 INFO  Progress (1): 123/532 kB
2026.05.16 18:05:39 INFO  Progress (1): 131/532 kB
2026.05.16 18:05:39 INFO  Progress (1): 147/532 kB
2026.05.16 18:05:39 INFO  Progress (1): 164/532 kB
2026.05.16 18:05:39 INFO  Progress (1): 172/532 kB
2026.05.16 18:05:39 INFO  Progress (1): 180/532 kB
2026.05.16 18:05:39 INFO  Progress (1): 188/532 kB
2026.05.16 18:05:39 INFO  Progress (1): 205/532 kB
2026.05.16 18:05:39 INFO  Progress (1): 213/532 kB
2026.05.16 18:05:39 INFO  Progress (1): 229/532 kB
2026.05.16 18:05:39 INFO  Progress (1): 238/532 kB
2026.05.16 18:05:39 INFO  Progress (1): 246/532 kB
2026.05.16 18:05:39 INFO  Progress (1): 254/532 kB
2026.05.16 18:05:39 INFO  Progress (1): 262/532 kB
2026.05.16 18:05:39 INFO  Progress (1): 270/532 kB
2026.05.16 18:05:39 INFO  Progress (1): 287/532 kB
2026.05.16 18:05:39 INFO  Progress (1): 303/532 kB
2026.05.16 18:05:39 INFO  Progress (1): 319/532 kB
2026.05.16 18:05:39 INFO  Progress (1): 336/532 kB
2026.05.16 18:05:39 INFO  Progress (1): 352/532 kB
2026.05.16 18:05:39 INFO  Progress (1): 369/532 kB
2026.05.16 18:05:39 INFO  Progress (1): 385/532 kB
2026.05.16 18:05:39 INFO  Progress (1): 401/532 kB
2026.05.16 18:05:39 INFO  Progress (1): 418/532 kB
2026.05.16 18:05:39 INFO  Progress (1): 434/532 kB
2026.05.16 18:05:39 INFO  Progress (1): 451/532 kB
2026.05.16 18:05:39 INFO  Progress (1): 467/532 kB
2026.05.16 18:05:39 INFO  Progress (1): 483/532 kB
2026.05.16 18:05:39 INFO  Progress (1): 500/532 kB
2026.05.16 18:05:39 INFO  Progress (1): 516/532 kB
2026.05.16 18:05:39 INFO  Progress (1): 532 kB    
2026.05.16 18:05:39 INFO                      
2026.05.16 18:05:39 INFO  Downloaded from central: https://repo.maven.apache.org/maven2/ch/qos/logback/logback-core/1.5.32/logback-core-1.5.32-sources.jar (532 kB at 1.8 MB/s)
2026.05.16 18:05:39 INFO  [INFO] SUCCESS: ch.qos.logback:logback-core:jar:1.5.32:compile (sources = true)
2026.05.16 18:05:39 INFO  [INFO] Resolving artifact: org.springframework:spring-web:jar:7.0.6:compile (sources = false)
2026.05.16 18:05:39 INFO  [INFO] SUCCESS: org.springframework:spring-web:jar:7.0.6:compile (sources = false)
2026.05.16 18:05:39 INFO  [INFO] Resolving artifact: org.springframework:spring-web:jar:7.0.6:compile (sources = true)
2026.05.16 18:05:39 INFO  Downloading from central: https://repo.maven.apache.org/maven2/org/springframework/spring-web/7.0.6/spring-web-7.0.6-sources.jar
2026.05.16 18:05:39 INFO  Progress (1): 0/1.5 MB
2026.05.16 18:05:39 INFO  Progress (1): 0/1.5 MB
2026.05.16 18:05:39 INFO  Progress (1): 0/1.5 MB
2026.05.16 18:05:39 INFO  Progress (1): 0/1.5 MB
2026.05.16 18:05:39 INFO  Progress (1): 0.1/1.5 MB
2026.05.16 18:05:39 INFO  Progress (1): 0.1/1.5 MB
2026.05.16 18:05:39 INFO  Progress (1): 0.1/1.5 MB
2026.05.16 18:05:39 INFO  Progress (1): 0.1/1.5 MB
2026.05.16 18:05:39 INFO  Progress (1): 0.1/1.5 MB
2026.05.16 18:05:39 INFO  Progress (1): 0.1/1.5 MB
2026.05.16 18:05:39 INFO  Progress (1): 0.1/1.5 MB
2026.05.16 18:05:39 INFO  Progress (1): 0.1/1.5 MB
2026.05.16 18:05:39 INFO  Progress (1): 0.1/1.5 MB
2026.05.16 18:05:39 INFO  Progress (1): 0.2/1.5 MB
2026.05.16 18:05:39 INFO  Progress (1): 0.2/1.5 MB
2026.05.16 18:05:39 INFO  Progress (1): 0.2/1.5 MB
2026.05.16 18:05:39 INFO  Progress (1): 0.2/1.5 MB
2026.05.16 18:05:39 INFO  Progress (1): 0.2/1.5 MB
2026.05.16 18:05:39 INFO  Progress (1): 0.2/1.5 MB
2026.05.16 18:05:39 INFO  Progress (1): 0.2/1.5 MB
2026.05.16 18:05:39 INFO  Progress (1): 0.3/1.5 MB
2026.05.16 18:05:39 INFO  Progress (1): 0.3/1.5 MB
2026.05.16 18:05:39 INFO  Progress (1): 0.3/1.5 MB
2026.05.16 18:05:39 INFO  Progress (1): 0.3/1.5 MB
2026.05.16 18:05:39 INFO  Progress (1): 0.3/1.5 MB
2026.05.16 18:05:39 INFO  Progress (1): 0.3/1.5 MB
2026.05.16 18:05:39 INFO  Progress (1): 0.4/1.5 MB
2026.05.16 18:05:39 INFO  Progress (1): 0.4/1.5 MB
2026.05.16 18:05:39 INFO  Progress (1): 0.4/1.5 MB
2026.05.16 18:05:39 INFO  Progress (1): 0.4/1.5 MB
2026.05.16 18:05:39 INFO  Progress (1): 0.4/1.5 MB
2026.05.16 18:05:39 INFO  Progress (1): 0.4/1.5 MB
2026.05.16 18:05:39 INFO  Progress (1): 0.5/1.5 MB
2026.05.16 18:05:39 INFO  Progress (1): 0.5/1.5 MB
2026.05.16 18:05:39 INFO  Progress (1): 0.5/1.5 MB
2026.05.16 18:05:39 INFO  Progress (1): 0.5/1.5 MB
2026.05.16 18:05:39 INFO  Progress (1): 0.5/1.5 MB
2026.05.16 18:05:39 INFO  Progress (1): 0.5/1.5 MB
2026.05.16 18:05:39 INFO  Progress (1): 0.6/1.5 MB
2026.05.16 18:05:39 INFO  Progress (1): 0.6/1.5 MB
2026.05.16 18:05:39 INFO  Progress (1): 0.6/1.5 MB
2026.05.16 18:05:39 INFO  Progress (1): 0.6/1.5 MB
2026.05.16 18:05:39 INFO  Progress (1): 0.6/1.5 MB
2026.05.16 18:05:39 INFO  Progress (1): 0.6/1.5 MB
2026.05.16 18:05:39 INFO  Progress (1): 0.7/1.5 MB
2026.05.16 18:05:39 INFO  Progress (1): 0.7/1.5 MB
2026.05.16 18:05:39 INFO  Progress (1): 0.7/1.5 MB
2026.05.16 18:05:39 INFO  Progress (1): 0.7/1.5 MB
2026.05.16 18:05:39 INFO  Progress (1): 0.7/1.5 MB
2026.05.16 18:05:39 INFO  Progress (1): 0.7/1.5 MB
2026.05.16 18:05:39 INFO  Progress (1): 0.8/1.5 MB
2026.05.16 18:05:39 INFO  Progress (1): 0.8/1.5 MB
2026.05.16 18:05:39 INFO  Progress (1): 0.8/1.5 MB
2026.05.16 18:05:39 INFO  Progress (1): 0.8/1.5 MB
2026.05.16 18:05:39 INFO  Progress (1): 0.8/1.5 MB
2026.05.16 18:05:39 INFO  Progress (1): 0.8/1.5 MB
2026.05.16 18:05:39 INFO  Progress (1): 0.9/1.5 MB
2026.05.16 18:05:39 INFO  Progress (1): 0.9/1.5 MB
2026.05.16 18:05:39 INFO  Progress (1): 0.9/1.5 MB
2026.05.16 18:05:39 INFO  Progress (1): 0.9/1.5 MB
2026.05.16 18:05:39 INFO  Progress (1): 0.9/1.5 MB
2026.05.16 18:05:39 INFO  Progress (1): 0.9/1.5 MB
2026.05.16 18:05:39 INFO  Progress (1): 1.0/1.5 MB
2026.05.16 18:05:39 INFO  Progress (1): 1.0/1.5 MB
2026.05.16 18:05:39 INFO  Progress (1): 1.0/1.5 MB
2026.05.16 18:05:39 INFO  Progress (1): 1.0/1.5 MB
2026.05.16 18:05:39 INFO  Progress (1): 1.0/1.5 MB
2026.05.16 18:05:39 INFO  Progress (1): 1.0/1.5 MB
2026.05.16 18:05:39 INFO  Progress (1): 1.0/1.5 MB
2026.05.16 18:05:39 INFO  Progress (1): 1.1/1.5 MB
2026.05.16 18:05:39 INFO  Progress (1): 1.1/1.5 MB
2026.05.16 18:05:39 INFO  Progress (1): 1.1/1.5 MB
2026.05.16 18:05:39 INFO  Progress (1): 1.1/1.5 MB
2026.05.16 18:05:39 INFO  Progress (1): 1.1/1.5 MB
2026.05.16 18:05:39 INFO  Progress (1): 1.1/1.5 MB
2026.05.16 18:05:39 INFO  Progress (1): 1.2/1.5 MB
2026.05.16 18:05:39 INFO  Progress (1): 1.2/1.5 MB
2026.05.16 18:05:39 INFO  Progress (1): 1.2/1.5 MB
2026.05.16 18:05:39 INFO  Progress (1): 1.2/1.5 MB
2026.05.16 18:05:39 INFO  Progress (1): 1.2/1.5 MB
2026.05.16 18:05:39 INFO  Progress (1): 1.2/1.5 MB
2026.05.16 18:05:39 INFO  Progress (1): 1.3/1.5 MB
2026.05.16 18:05:39 INFO  Progress (1): 1.3/1.5 MB
2026.05.16 18:05:39 INFO  Progress (1): 1.3/1.5 MB
2026.05.16 18:05:39 INFO  Progress (1): 1.3/1.5 MB
2026.05.16 18:05:39 INFO  Progress (1): 1.3/1.5 MB
2026.05.16 18:05:39 INFO  Progress (1): 1.3/1.5 MB
2026.05.16 18:05:39 INFO  Progress (1): 1.4/1.5 MB
2026.05.16 18:05:39 INFO  Progress (1): 1.4/1.5 MB
2026.05.16 18:05:39 INFO  Progress (1): 1.4/1.5 MB
2026.05.16 18:05:39 INFO  Progress (1): 1.4/1.5 MB
2026.05.16 18:05:39 INFO  Progress (1): 1.4/1.5 MB
2026.05.16 18:05:39 INFO  Progress (1): 1.4/1.5 MB
2026.05.16 18:05:39 INFO  Progress (1): 1.5/1.5 MB
2026.05.16 18:05:39 INFO  Progress (1): 1.5/1.5 MB
2026.05.16 18:05:39 INFO  Progress (1): 1.5/1.5 MB
2026.05.16 18:05:39 INFO  Progress (1): 1.5 MB    
2026.05.16 18:05:40 INFO                      
2026.05.16 18:05:40 INFO  Downloaded from central: https://repo.maven.apache.org/maven2/org/springframework/spring-web/7.0.6/spring-web-7.0.6-sources.jar (1.5 MB at 3.5 MB/s)
2026.05.16 18:05:40 INFO  [INFO] SUCCESS: org.springframework:spring-web:jar:7.0.6:compile (sources = true)
2026.05.16 18:05:40 INFO  [INFO] Resolving artifact: org.springframework:spring-beans:jar:7.0.6:compile (sources = false)
2026.05.16 18:05:40 INFO  [INFO] SUCCESS: org.springframework:spring-beans:jar:7.0.6:compile (sources = false)
2026.05.16 18:05:40 INFO  [INFO] Resolving artifact: org.springframework:spring-beans:jar:7.0.6:compile (sources = true)
2026.05.16 18:05:40 INFO  Downloading from central: https://repo.maven.apache.org/maven2/org/springframework/spring-beans/7.0.6/spring-beans-7.0.6-sources.jar
2026.05.16 18:05:40 INFO  Progress (1): 7.7/755 kB
2026.05.16 18:05:40 INFO  Progress (1): 16/755 kB 
2026.05.16 18:05:40 INFO  Progress (1): 25/755 kB
2026.05.16 18:05:40 INFO  Progress (1): 41/755 kB
2026.05.16 18:05:40 INFO  Progress (1): 57/755 kB
2026.05.16 18:05:40 INFO  Progress (1): 74/755 kB
2026.05.16 18:05:40 INFO  Progress (1): 90/755 kB
2026.05.16 18:05:40 INFO  Progress (1): 106/755 kB
2026.05.16 18:05:40 INFO  Progress (1): 123/755 kB
2026.05.16 18:05:40 INFO  Progress (1): 139/755 kB
2026.05.16 18:05:40 INFO  Progress (1): 156/755 kB
2026.05.16 18:05:40 INFO  Progress (1): 172/755 kB
2026.05.16 18:05:40 INFO  Progress (1): 188/755 kB
2026.05.16 18:05:40 INFO  Progress (1): 197/755 kB
2026.05.16 18:05:40 INFO  Progress (1): 213/755 kB
2026.05.16 18:05:40 INFO  Progress (1): 229/755 kB
2026.05.16 18:05:40 INFO  Progress (1): 246/755 kB
2026.05.16 18:05:40 INFO  Progress (1): 254/755 kB
2026.05.16 18:05:40 INFO  Progress (1): 270/755 kB
2026.05.16 18:05:40 INFO  Progress (1): 279/755 kB
2026.05.16 18:05:40 INFO  Progress (1): 287/755 kB
2026.05.16 18:05:40 INFO  Progress (1): 303/755 kB
2026.05.16 18:05:40 INFO  Progress (1): 319/755 kB
2026.05.16 18:05:40 INFO  Progress (1): 336/755 kB
2026.05.16 18:05:40 INFO  Progress (1): 352/755 kB
2026.05.16 18:05:40 INFO  Progress (1): 369/755 kB
2026.05.16 18:05:40 INFO  Progress (1): 385/755 kB
2026.05.16 18:05:40 INFO  Progress (1): 401/755 kB
2026.05.16 18:05:40 INFO  Progress (1): 410/755 kB
2026.05.16 18:05:40 INFO  Progress (1): 426/755 kB
2026.05.16 18:05:40 INFO  Progress (1): 442/755 kB
2026.05.16 18:05:40 INFO  Progress (1): 459/755 kB
2026.05.16 18:05:40 INFO  Progress (1): 475/755 kB
2026.05.16 18:05:40 INFO  Progress (1): 492/755 kB
2026.05.16 18:05:40 INFO  Progress (1): 508/755 kB
2026.05.16 18:05:40 INFO  Progress (1): 524/755 kB
2026.05.16 18:05:40 INFO  Progress (1): 541/755 kB
2026.05.16 18:05:40 INFO  Progress (1): 557/755 kB
2026.05.16 18:05:40 INFO  Progress (1): 573/755 kB
2026.05.16 18:05:40 INFO  Progress (1): 590/755 kB
2026.05.16 18:05:40 INFO  Progress (1): 606/755 kB
2026.05.16 18:05:40 INFO  Progress (1): 623/755 kB
2026.05.16 18:05:40 INFO  Progress (1): 639/755 kB
2026.05.16 18:05:40 INFO  Progress (1): 655/755 kB
2026.05.16 18:05:40 INFO  Progress (1): 672/755 kB
2026.05.16 18:05:40 INFO  Progress (1): 688/755 kB
2026.05.16 18:05:40 INFO  Progress (1): 705/755 kB
2026.05.16 18:05:40 INFO  Progress (1): 721/755 kB
2026.05.16 18:05:40 INFO  Progress (1): 737/755 kB
2026.05.16 18:05:40 INFO  Progress (1): 754/755 kB
2026.05.16 18:05:40 INFO  Progress (1): 755 kB    
2026.05.16 18:05:40 INFO                      
2026.05.16 18:05:40 INFO  Downloaded from central: https://repo.maven.apache.org/maven2/org/springframework/spring-beans/7.0.6/spring-beans-7.0.6-sources.jar (755 kB at 1.6 MB/s)
2026.05.16 18:05:40 INFO  [INFO] SUCCESS: org.springframework:spring-beans:jar:7.0.6:compile (sources = true)
2026.05.16 18:05:40 INFO  [INFO] Resolving artifact: org.springframework:spring-aspects:jar:7.0.6:compile (sources = false)
2026.05.16 18:05:40 INFO  [INFO] SUCCESS: org.springframework:spring-aspects:jar:7.0.6:compile (sources = false)
2026.05.16 18:05:40 INFO  [INFO] Resolving artifact: org.springframework:spring-aspects:jar:7.0.6:compile (sources = true)
2026.05.16 18:05:40 INFO  Downloading from central: https://repo.maven.apache.org/maven2/org/springframework/spring-aspects/7.0.6/spring-aspects-7.0.6-sources.jar
2026.05.16 18:05:40 INFO  Progress (1): 7.7/33 kB
2026.05.16 18:05:40 INFO  Progress (1): 8.2/33 kB
2026.05.16 18:05:40 INFO  Progress (1): 25/33 kB 
2026.05.16 18:05:40 INFO  Progress (1): 33 kB   
2026.05.16 18:05:44 INFO                     
2026.05.16 18:05:44 INFO  Downloaded from central: https://repo.maven.apache.org/maven2/org/springframework/spring-aspects/7.0.6/spring-aspects-7.0.6-sources.jar (33 kB at 13 kB/s)
2026.05.16 18:05:44 INFO  [INFO] SUCCESS: org.springframework:spring-aspects:jar:7.0.6:compile (sources = true)
2026.05.16 18:05:44 INFO  [INFO] Resolving artifact: org.springframework:spring-core:jar:7.0.6:compile (sources = false)
2026.05.16 18:05:44 INFO  [INFO] SUCCESS: org.springframework:spring-core:jar:7.0.6:compile (sources = false)
2026.05.16 18:05:44 INFO  [INFO] Resolving artifact: org.springframework:spring-core:jar:7.0.6:compile (sources = true)
2026.05.16 18:05:44 INFO  Downloading from central: https://repo.maven.apache.org/maven2/org/springframework/spring-core/7.0.6/spring-core-7.0.6-sources.jar
2026.05.16 18:05:44 INFO  Progress (1): 0/1.5 MB
2026.05.16 18:05:44 INFO  Progress (1): 0/1.5 MB
2026.05.16 18:05:44 INFO  Progress (1): 0/1.5 MB
2026.05.16 18:05:44 INFO  Progress (1): 0/1.5 MB
2026.05.16 18:05:44 INFO  Progress (1): 0.1/1.5 MB
2026.05.16 18:05:44 INFO  Progress (1): 0.1/1.5 MB
2026.05.16 18:05:44 INFO  Progress (1): 0.1/1.5 MB
2026.05.16 18:05:44 INFO  Progress (1): 0.1/1.5 MB
2026.05.16 18:05:44 INFO  Progress (1): 0.1/1.5 MB
2026.05.16 18:05:44 INFO  Progress (1): 0.1/1.5 MB
2026.05.16 18:05:44 INFO  Progress (1): 0.2/1.5 MB
2026.05.16 18:05:44 INFO  Progress (1): 0.2/1.5 MB
2026.05.16 18:05:44 INFO  Progress (1): 0.2/1.5 MB
2026.05.16 18:05:44 INFO  Progress (1): 0.2/1.5 MB
2026.05.16 18:05:44 INFO  Progress (1): 0.2/1.5 MB
2026.05.16 18:05:44 INFO  Progress (1): 0.2/1.5 MB
2026.05.16 18:05:44 INFO  Progress (1): 0.2/1.5 MB
2026.05.16 18:05:44 INFO  Progress (1): 0.3/1.5 MB
2026.05.16 18:05:44 INFO  Progress (1): 0.3/1.5 MB
2026.05.16 18:05:44 INFO  Progress (1): 0.3/1.5 MB
2026.05.16 18:05:44 INFO  Progress (1): 0.3/1.5 MB
2026.05.16 18:05:44 INFO  Progress (1): 0.3/1.5 MB
2026.05.16 18:05:44 INFO  Progress (1): 0.3/1.5 MB
2026.05.16 18:05:44 INFO  Progress (1): 0.4/1.5 MB
2026.05.16 18:05:44 INFO  Progress (1): 0.4/1.5 MB
2026.05.16 18:05:44 INFO  Progress (1): 0.4/1.5 MB
2026.05.16 18:05:44 INFO  Progress (1): 0.4/1.5 MB
2026.05.16 18:05:44 INFO  Progress (1): 0.4/1.5 MB
2026.05.16 18:05:44 INFO  Progress (1): 0.4/1.5 MB
2026.05.16 18:05:44 INFO  Progress (1): 0.5/1.5 MB
2026.05.16 18:05:44 INFO  Progress (1): 0.5/1.5 MB
2026.05.16 18:05:44 INFO  Progress (1): 0.5/1.5 MB
2026.05.16 18:05:44 INFO  Progress (1): 0.5/1.5 MB
2026.05.16 18:05:44 INFO  Progress (1): 0.5/1.5 MB
2026.05.16 18:05:44 INFO  Progress (1): 0.5/1.5 MB
2026.05.16 18:05:44 INFO  Progress (1): 0.6/1.5 MB
2026.05.16 18:05:44 INFO  Progress (1): 0.6/1.5 MB
2026.05.16 18:05:44 INFO  Progress (1): 0.6/1.5 MB
2026.05.16 18:05:44 INFO  Progress (1): 0.6/1.5 MB
2026.05.16 18:05:44 INFO  Progress (1): 0.6/1.5 MB
2026.05.16 18:05:44 INFO  Progress (1): 0.6/1.5 MB
2026.05.16 18:05:44 INFO  Progress (1): 0.7/1.5 MB
2026.05.16 18:05:44 INFO  Progress (1): 0.7/1.5 MB
2026.05.16 18:05:44 INFO  Progress (1): 0.7/1.5 MB
2026.05.16 18:05:44 INFO  Progress (1): 0.7/1.5 MB
2026.05.16 18:05:44 INFO  Progress (1): 0.7/1.5 MB
2026.05.16 18:05:44 INFO  Progress (1): 0.7/1.5 MB
2026.05.16 18:05:44 INFO  Progress (1): 0.8/1.5 MB
2026.05.16 18:05:44 INFO  Progress (1): 0.8/1.5 MB
2026.05.16 18:05:44 INFO  Progress (1): 0.8/1.5 MB
2026.05.16 18:05:44 INFO  Progress (1): 0.8/1.5 MB
2026.05.16 18:05:44 INFO  Progress (1): 0.8/1.5 MB
2026.05.16 18:05:44 INFO  Progress (1): 0.8/1.5 MB
2026.05.16 18:05:44 INFO  Progress (1): 0.9/1.5 MB
2026.05.16 18:05:44 INFO  Progress (1): 0.9/1.5 MB
2026.05.16 18:05:44 INFO  Progress (1): 0.9/1.5 MB
2026.05.16 18:05:44 INFO  Progress (1): 0.9/1.5 MB
2026.05.16 18:05:44 INFO  Progress (1): 0.9/1.5 MB
2026.05.16 18:05:44 INFO  Progress (1): 0.9/1.5 MB
2026.05.16 18:05:44 INFO  Progress (1): 1.0/1.5 MB
2026.05.16 18:05:44 INFO  Progress (1): 1.0/1.5 MB
2026.05.16 18:05:44 INFO  Progress (1): 1.0/1.5 MB
2026.05.16 18:05:44 INFO  Progress (1): 1.0/1.5 MB
2026.05.16 18:05:44 INFO  Progress (1): 1.0/1.5 MB
2026.05.16 18:05:44 INFO  Progress (1): 1.0/1.5 MB
2026.05.16 18:05:44 INFO  Progress (1): 1.0/1.5 MB
2026.05.16 18:05:44 INFO  Progress (1): 1.1/1.5 MB
2026.05.16 18:05:44 INFO  Progress (1): 1.1/1.5 MB
2026.05.16 18:05:44 INFO  Progress (1): 1.1/1.5 MB
2026.05.16 18:05:44 INFO  Progress (1): 1.1/1.5 MB
2026.05.16 18:05:44 INFO  Progress (1): 1.1/1.5 MB
2026.05.16 18:05:44 INFO  Progress (1): 1.1/1.5 MB
2026.05.16 18:05:44 INFO  Progress (1): 1.2/1.5 MB
2026.05.16 18:05:44 INFO  Progress (1): 1.2/1.5 MB
2026.05.16 18:05:44 INFO  Progress (1): 1.2/1.5 MB
2026.05.16 18:05:44 INFO  Progress (1): 1.2/1.5 MB
2026.05.16 18:05:44 INFO  Progress (1): 1.2/1.5 MB
2026.05.16 18:05:44 INFO  Progress (1): 1.2/1.5 MB
2026.05.16 18:05:44 INFO  Progress (1): 1.3/1.5 MB
2026.05.16 18:05:44 INFO  Progress (1): 1.3/1.5 MB
2026.05.16 18:05:44 INFO  Progress (1): 1.3/1.5 MB
2026.05.16 18:05:44 INFO  Progress (1): 1.3/1.5 MB
2026.05.16 18:05:44 INFO  Progress (1): 1.3/1.5 MB
2026.05.16 18:05:44 INFO  Progress (1): 1.3/1.5 MB
2026.05.16 18:05:44 INFO  Progress (1): 1.4/1.5 MB
2026.05.16 18:05:44 INFO  Progress (1): 1.4/1.5 MB
2026.05.16 18:05:44 INFO  Progress (1): 1.4/1.5 MB
2026.05.16 18:05:44 INFO  Progress (1): 1.4/1.5 MB
2026.05.16 18:05:44 INFO  Progress (1): 1.4/1.5 MB
2026.05.16 18:05:44 INFO  Progress (1): 1.4/1.5 MB
2026.05.16 18:05:44 INFO  Progress (1): 1.5/1.5 MB
2026.05.16 18:05:44 INFO  Progress (1): 1.5/1.5 MB
2026.05.16 18:05:44 INFO  Progress (1): 1.5/1.5 MB
2026.05.16 18:05:44 INFO  Progress (1): 1.5 MB    
2026.05.16 18:05:44 INFO                      
2026.05.16 18:05:44 INFO  Downloaded from central: https://repo.maven.apache.org/maven2/org/springframework/spring-core/7.0.6/spring-core-7.0.6-sources.jar (1.5 MB at 4.7 MB/s)
2026.05.16 18:05:44 INFO  [INFO] SUCCESS: org.springframework:spring-core:jar:7.0.6:compile (sources = true)
2026.05.16 18:05:44 INFO  [INFO] Resolving artifact: org.hibernate.models:hibernate-models:jar:1.0.1:runtime (sources = false)
2026.05.16 18:05:44 INFO  [INFO] SUCCESS: org.hibernate.models:hibernate-models:jar:1.0.1:runtime (sources = false)
2026.05.16 18:05:44 INFO  [INFO] Resolving artifact: org.hibernate.models:hibernate-models:jar:1.0.1:runtime (sources = true)
2026.05.16 18:05:44 INFO  Downloading from central: https://repo.maven.apache.org/maven2/org/hibernate/models/hibernate-models/1.0.1/hibernate-models-1.0.1-sources.jar
2026.05.16 18:05:44 INFO  Progress (1): 7.7/134 kB
2026.05.16 18:05:44 INFO  Progress (1): 11/134 kB 
2026.05.16 18:05:44 INFO  Progress (1): 28/134 kB
2026.05.16 18:05:44 INFO  Progress (1): 44/134 kB
2026.05.16 18:05:44 INFO  Progress (1): 61/134 kB
2026.05.16 18:05:44 INFO  Progress (1): 77/134 kB
2026.05.16 18:05:44 INFO  Progress (1): 93/134 kB
2026.05.16 18:05:44 INFO  Progress (1): 110/134 kB
2026.05.16 18:05:44 INFO  Progress (1): 126/134 kB
2026.05.16 18:05:44 INFO  Progress (1): 134 kB    
2026.05.16 18:05:44 INFO                      
2026.05.16 18:05:44 INFO  Downloaded from central: https://repo.maven.apache.org/maven2/org/hibernate/models/hibernate-models/1.0.1/hibernate-models-1.0.1-sources.jar (134 kB at 565 kB/s)
2026.05.16 18:05:44 INFO  [INFO] SUCCESS: org.hibernate.models:hibernate-models:jar:1.0.1:runtime (sources = true)
2026.05.16 18:05:44 INFO  [INFO] Resolving artifact: org.springframework.security:spring-security-web:jar:7.0.4:compile (sources = false)
2026.05.16 18:05:44 INFO  [INFO] SUCCESS: org.springframework.security:spring-security-web:jar:7.0.4:compile (sources = false)
2026.05.16 18:05:44 INFO  [INFO] Resolving artifact: org.springframework.security:spring-security-web:jar:7.0.4:compile (sources = true)
2026.05.16 18:05:44 INFO  Downloading from central: https://repo.maven.apache.org/maven2/org/springframework/security/spring-security-web/7.0.4/spring-security-web-7.0.4-sources.jar
2026.05.16 18:05:44 INFO  Progress (1): 7.7/759 kB
2026.05.16 18:05:44 INFO  Progress (1): 8.2/759 kB
2026.05.16 18:05:44 INFO  Progress (1): 25/759 kB 
2026.05.16 18:05:44 INFO  Progress (1): 41/759 kB
2026.05.16 18:05:44 INFO  Progress (1): 57/759 kB
2026.05.16 18:05:44 INFO  Progress (1): 74/759 kB
2026.05.16 18:05:44 INFO  Progress (1): 90/759 kB
2026.05.16 18:05:44 INFO  Progress (1): 106/759 kB
2026.05.16 18:05:44 INFO  Progress (1): 123/759 kB
2026.05.16 18:05:44 INFO  Progress (1): 139/759 kB
2026.05.16 18:05:44 INFO  Progress (1): 156/759 kB
2026.05.16 18:05:44 INFO  Progress (1): 172/759 kB
2026.05.16 18:05:44 INFO  Progress (1): 188/759 kB
2026.05.16 18:05:44 INFO  Progress (1): 205/759 kB
2026.05.16 18:05:44 INFO  Progress (1): 221/759 kB
2026.05.16 18:05:44 INFO  Progress (1): 238/759 kB
2026.05.16 18:05:44 INFO  Progress (1): 254/759 kB
2026.05.16 18:05:44 INFO  Progress (1): 270/759 kB
2026.05.16 18:05:44 INFO  Progress (1): 287/759 kB
2026.05.16 18:05:44 INFO  Progress (1): 303/759 kB
2026.05.16 18:05:44 INFO  Progress (1): 319/759 kB
2026.05.16 18:05:44 INFO  Progress (1): 336/759 kB
2026.05.16 18:05:44 INFO  Progress (1): 352/759 kB
2026.05.16 18:05:44 INFO  Progress (1): 369/759 kB
2026.05.16 18:05:44 INFO  Progress (1): 385/759 kB
2026.05.16 18:05:44 INFO  Progress (1): 401/759 kB
2026.05.16 18:05:44 INFO  Progress (1): 418/759 kB
2026.05.16 18:05:44 INFO  Progress (1): 434/759 kB
2026.05.16 18:05:44 INFO  Progress (1): 451/759 kB
2026.05.16 18:05:44 INFO  Progress (1): 467/759 kB
2026.05.16 18:05:44 INFO  Progress (1): 483/759 kB
2026.05.16 18:05:44 INFO  Progress (1): 500/759 kB
2026.05.16 18:05:44 INFO  Progress (1): 516/759 kB
2026.05.16 18:05:44 INFO  Progress (1): 532/759 kB
2026.05.16 18:05:44 INFO  Progress (1): 549/759 kB
2026.05.16 18:05:44 INFO  Progress (1): 565/759 kB
2026.05.16 18:05:44 INFO  Progress (1): 582/759 kB
2026.05.16 18:05:44 INFO  Progress (1): 598/759 kB
2026.05.16 18:05:44 INFO  Progress (1): 614/759 kB
2026.05.16 18:05:44 INFO  Progress (1): 631/759 kB
2026.05.16 18:05:44 INFO  Progress (1): 647/759 kB
2026.05.16 18:05:44 INFO  Progress (1): 664/759 kB
2026.05.16 18:05:44 INFO  Progress (1): 680/759 kB
2026.05.16 18:05:44 INFO  Progress (1): 696/759 kB
2026.05.16 18:05:44 INFO  Progress (1): 713/759 kB
2026.05.16 18:05:44 INFO  Progress (1): 729/759 kB
2026.05.16 18:05:44 INFO  Progress (1): 745/759 kB
2026.05.16 18:05:44 INFO  Progress (1): 759 kB    
2026.05.16 18:05:44 INFO                      
2026.05.16 18:05:44 INFO  Downloaded from central: https://repo.maven.apache.org/maven2/org/springframework/security/spring-security-web/7.0.4/spring-security-web-7.0.4-sources.jar (759 kB at 2.5 MB/s)
2026.05.16 18:05:44 INFO  [INFO] SUCCESS: org.springframework.security:spring-security-web:jar:7.0.4:compile (sources = true)
2026.05.16 18:05:44 INFO  [INFO] Resolving artifact: org.ow2.asm:asm:jar:9.7.1:test (sources = false)
2026.05.16 18:05:44 INFO  [INFO] SUCCESS: org.ow2.asm:asm:jar:9.7.1:test (sources = false)
2026.05.16 18:05:44 INFO  [INFO] Resolving artifact: org.ow2.asm:asm:jar:9.7.1:test (sources = true)
2026.05.16 18:05:44 INFO  [INFO] SUCCESS: org.ow2.asm:asm:jar:9.7.1:test (sources = true)
2026.05.16 18:05:44 INFO  [INFO] Resolving artifact: org.springframework.boot:spring-boot-test-autoconfigure:jar:4.0.5:test (sources = false)
2026.05.16 18:05:44 INFO  [INFO] SUCCESS: org.springframework.boot:spring-boot-test-autoconfigure:jar:4.0.5:test (sources = false)
2026.05.16 18:05:44 INFO  [INFO] Resolving artifact: org.springframework.boot:spring-boot-test-autoconfigure:jar:4.0.5:test (sources = true)
2026.05.16 18:05:44 INFO  Downloading from central: https://repo.maven.apache.org/maven2/org/springframework/boot/spring-boot-test-autoconfigure/4.0.5/spring-boot-test-autoconfigure-4.0.5-sources.jar
2026.05.16 18:05:45 INFO  Progress (1): 7.7/25 kB
2026.05.16 18:05:45 INFO  Progress (1): 16/25 kB 
2026.05.16 18:05:45 INFO  Progress (1): 25 kB   
2026.05.16 18:05:46 INFO                     
2026.05.16 18:05:46 INFO  Downloaded from central: https://repo.maven.apache.org/maven2/org/springframework/boot/spring-boot-test-autoconfigure/4.0.5/spring-boot-test-autoconfigure-4.0.5-sources.jar (25 kB at 17 kB/s)
2026.05.16 18:05:46 INFO  [INFO] SUCCESS: org.springframework.boot:spring-boot-test-autoconfigure:jar:4.0.5:test (sources = true)
2026.05.16 18:05:46 INFO  [INFO] Resolving artifact: org.springframework:spring-jdbc:jar:7.0.6:compile (sources = false)
2026.05.16 18:05:46 INFO  [INFO] SUCCESS: org.springframework:spring-jdbc:jar:7.0.6:compile (sources = false)
2026.05.16 18:05:46 INFO  [INFO] Resolving artifact: org.springframework:spring-jdbc:jar:7.0.6:compile (sources = true)
2026.05.16 18:05:46 INFO  Downloading from central: https://repo.maven.apache.org/maven2/org/springframework/spring-jdbc/7.0.6/spring-jdbc-7.0.6-sources.jar
2026.05.16 18:05:46 INFO  Progress (1): 7.7/464 kB
2026.05.16 18:05:46 INFO  Progress (1): 16/464 kB 
2026.05.16 18:05:46 INFO  Progress (1): 32/464 kB
2026.05.16 18:05:46 INFO  Progress (1): 49/464 kB
2026.05.16 18:05:46 INFO  Progress (1): 65/464 kB
2026.05.16 18:05:46 INFO  Progress (1): 81/464 kB
2026.05.16 18:05:46 INFO  Progress (1): 98/464 kB
2026.05.16 18:05:46 INFO  Progress (1): 114/464 kB
2026.05.16 18:05:46 INFO  Progress (1): 131/464 kB
2026.05.16 18:05:46 INFO  Progress (1): 147/464 kB
2026.05.16 18:05:46 INFO  Progress (1): 163/464 kB
2026.05.16 18:05:46 INFO  Progress (1): 180/464 kB
2026.05.16 18:05:46 INFO  Progress (1): 196/464 kB
2026.05.16 18:05:46 INFO  Progress (1): 212/464 kB
2026.05.16 18:05:46 INFO  Progress (1): 229/464 kB
2026.05.16 18:05:46 INFO  Progress (1): 245/464 kB
2026.05.16 18:05:46 INFO  Progress (1): 262/464 kB
2026.05.16 18:05:46 INFO  Progress (1): 278/464 kB
2026.05.16 18:05:46 INFO  Progress (1): 294/464 kB
2026.05.16 18:05:46 INFO  Progress (1): 311/464 kB
2026.05.16 18:05:46 INFO  Progress (1): 327/464 kB
2026.05.16 18:05:46 INFO  Progress (1): 344/464 kB
2026.05.16 18:05:46 INFO  Progress (1): 360/464 kB
2026.05.16 18:05:46 INFO  Progress (1): 376/464 kB
2026.05.16 18:05:46 INFO  Progress (1): 393/464 kB
2026.05.16 18:05:46 INFO  Progress (1): 409/464 kB
2026.05.16 18:05:46 INFO  Progress (1): 425/464 kB
2026.05.16 18:05:46 INFO  Progress (1): 442/464 kB
2026.05.16 18:05:46 INFO  Progress (1): 458/464 kB
2026.05.16 18:05:46 INFO  Progress (1): 464 kB    
2026.05.16 18:05:46 INFO                      
2026.05.16 18:05:46 INFO  Downloaded from central: https://repo.maven.apache.org/maven2/org/springframework/spring-jdbc/7.0.6/spring-jdbc-7.0.6-sources.jar (464 kB at 2.4 MB/s)
2026.05.16 18:05:46 INFO  [INFO] SUCCESS: org.springframework:spring-jdbc:jar:7.0.6:compile (sources = true)
2026.05.16 18:05:46 INFO  [INFO] Resolving artifact: org.apache.tomcat.embed:tomcat-embed-websocket:jar:11.0.20:compile (sources = false)
2026.05.16 18:05:46 INFO  [INFO] SUCCESS: org.apache.tomcat.embed:tomcat-embed-websocket:jar:11.0.20:compile (sources = false)
2026.05.16 18:05:46 INFO  [INFO] Resolving artifact: org.apache.tomcat.embed:tomcat-embed-websocket:jar:11.0.20:compile (sources = true)
2026.05.16 18:05:46 INFO  Downloading from central: https://repo.maven.apache.org/maven2/org/apache/tomcat/embed/tomcat-embed-websocket/11.0.20/tomcat-embed-websocket-11.0.20-sources.jar
2026.05.16 18:05:46 INFO  Progress (1): 8.2/250 kB
2026.05.16 18:05:46 INFO  Progress (1): 16/250 kB 
2026.05.16 18:05:46 INFO  Progress (1): 33/250 kB
2026.05.16 18:05:46 INFO  Progress (1): 49/250 kB
2026.05.16 18:05:46 INFO  Progress (1): 66/250 kB
2026.05.16 18:05:46 INFO  Progress (1): 74/250 kB
2026.05.16 18:05:46 INFO  Progress (1): 90/250 kB
2026.05.16 18:05:46 INFO  Progress (1): 98/250 kB
2026.05.16 18:05:46 INFO  Progress (1): 115/250 kB
2026.05.16 18:05:46 INFO  Progress (1): 131/250 kB
2026.05.16 18:05:46 INFO  Progress (1): 139/250 kB
2026.05.16 18:05:46 INFO  Progress (1): 156/250 kB
2026.05.16 18:05:46 INFO  Progress (1): 164/250 kB
2026.05.16 18:05:46 INFO  Progress (1): 180/250 kB
2026.05.16 18:05:46 INFO  Progress (1): 188/250 kB
2026.05.16 18:05:46 INFO  Progress (1): 197/250 kB
2026.05.16 18:05:46 INFO  Progress (1): 205/250 kB
2026.05.16 18:05:46 INFO  Progress (1): 221/250 kB
2026.05.16 18:05:46 INFO  Progress (1): 229/250 kB
2026.05.16 18:05:46 INFO  Progress (1): 246/250 kB
2026.05.16 18:05:46 INFO  Progress (1): 250 kB    
2026.05.16 18:05:46 INFO                      
2026.05.16 18:05:46 INFO  Downloaded from central: https://repo.maven.apache.org/maven2/org/apache/tomcat/embed/tomcat-embed-websocket/11.0.20/tomcat-embed-websocket-11.0.20-sources.jar (250 kB at 1.3 MB/s)
2026.05.16 18:05:46 INFO  [INFO] SUCCESS: org.apache.tomcat.embed:tomcat-embed-websocket:jar:11.0.20:compile (sources = true)
2026.05.16 18:05:46 INFO  [INFO] Resolving artifact: commons-logging:commons-logging:jar:1.3.6:compile (sources = false)
2026.05.16 18:05:46 INFO  [INFO] SUCCESS: commons-logging:commons-logging:jar:1.3.6:compile (sources = false)
2026.05.16 18:05:46 INFO  [INFO] Resolving artifact: commons-logging:commons-logging:jar:1.3.6:compile (sources = true)
2026.05.16 18:05:46 INFO  Downloading from central: https://repo.maven.apache.org/maven2/commons-logging/commons-logging/1.3.6/commons-logging-1.3.6-sources.jar
2026.05.16 18:05:46 INFO  Progress (1): 7.7/83 kB
2026.05.16 18:05:46 INFO  Progress (1): 8.2/83 kB
2026.05.16 18:05:46 INFO  Progress (1): 25/83 kB 
2026.05.16 18:05:46 INFO  Progress (1): 41/83 kB
2026.05.16 18:05:46 INFO  Progress (1): 57/83 kB
2026.05.16 18:05:46 INFO  Progress (1): 74/83 kB
2026.05.16 18:05:46 INFO  Progress (1): 83 kB   
2026.05.16 18:05:46 INFO                     
2026.05.16 18:05:46 INFO  Downloaded from central: https://repo.maven.apache.org/maven2/commons-logging/commons-logging/1.3.6/commons-logging-1.3.6-sources.jar (83 kB at 467 kB/s)
2026.05.16 18:05:46 INFO  [INFO] SUCCESS: commons-logging:commons-logging:jar:1.3.6:compile (sources = true)
2026.05.16 18:05:46 INFO  [INFO] Resolving artifact: org.springframework.boot:spring-boot-http-converter:jar:4.0.5:compile (sources = false)
2026.05.16 18:05:46 INFO  [INFO] SUCCESS: org.springframework.boot:spring-boot-http-converter:jar:4.0.5:compile (sources = false)
2026.05.16 18:05:46 INFO  [INFO] Resolving artifact: org.springframework.boot:spring-boot-http-converter:jar:4.0.5:compile (sources = true)
2026.05.16 18:05:46 INFO  Downloading from central: https://repo.maven.apache.org/maven2/org/springframework/boot/spring-boot-http-converter/4.0.5/spring-boot-http-converter-4.0.5-sources.jar
2026.05.16 18:05:46 INFO  Progress (1): 7.7/25 kB
2026.05.16 18:05:46 INFO  Progress (1): 16/25 kB 
2026.05.16 18:05:46 INFO  Progress (1): 25 kB   
2026.05.16 18:05:49 INFO                     
2026.05.16 18:05:49 INFO  Downloaded from central: https://repo.maven.apache.org/maven2/org/springframework/boot/spring-boot-http-converter/4.0.5/spring-boot-http-converter-4.0.5-sources.jar (25 kB at 12 kB/s)
2026.05.16 18:05:49 INFO  [INFO] SUCCESS: org.springframework.boot:spring-boot-http-converter:jar:4.0.5:compile (sources = true)
2026.05.16 18:05:49 INFO  [INFO] Resolving artifact: org.springframework.boot:spring-boot-data-commons:jar:4.0.5:compile (sources = false)
2026.05.16 18:05:49 INFO  [INFO] SUCCESS: org.springframework.boot:spring-boot-data-commons:jar:4.0.5:compile (sources = false)
2026.05.16 18:05:49 INFO  [INFO] Resolving artifact: org.springframework.boot:spring-boot-data-commons:jar:4.0.5:compile (sources = true)
2026.05.16 18:05:49 INFO  Downloading from central: https://repo.maven.apache.org/maven2/org/springframework/boot/spring-boot-data-commons/4.0.5/spring-boot-data-commons-4.0.5-sources.jar
2026.05.16 18:05:49 INFO  Progress (1): 7.7/23 kB
2026.05.16 18:05:49 INFO  Progress (1): 8.2/23 kB
2026.05.16 18:05:49 INFO  Progress (1): 23 kB    
2026.05.16 18:05:50 INFO                     
2026.05.16 18:05:50 INFO  Downloaded from central: https://repo.maven.apache.org/maven2/org/springframework/boot/spring-boot-data-commons/4.0.5/spring-boot-data-commons-4.0.5-sources.jar (23 kB at 22 kB/s)
2026.05.16 18:05:50 INFO  [INFO] SUCCESS: org.springframework.boot:spring-boot-data-commons:jar:4.0.5:compile (sources = true)
2026.05.16 18:05:50 INFO  [INFO] Resolving artifact: org.apache.tomcat.embed:tomcat-embed-core:jar:11.0.20:compile (sources = false)
2026.05.16 18:05:50 INFO  [INFO] SUCCESS: org.apache.tomcat.embed:tomcat-embed-core:jar:11.0.20:compile (sources = false)
2026.05.16 18:05:50 INFO  [INFO] Resolving artifact: org.apache.tomcat.embed:tomcat-embed-core:jar:11.0.20:compile (sources = true)
2026.05.16 18:05:50 INFO  Downloading from central: https://repo.maven.apache.org/maven2/org/apache/tomcat/embed/tomcat-embed-core/11.0.20/tomcat-embed-core-11.0.20-sources.jar
2026.05.16 18:05:50 INFO  Progress (1): 0/3.7 MB
2026.05.16 18:05:50 INFO  Progress (1): 0/3.7 MB
2026.05.16 18:05:50 INFO  Progress (1): 0/3.7 MB
2026.05.16 18:05:50 INFO  Progress (1): 0/3.7 MB
2026.05.16 18:05:50 INFO  Progress (1): 0.1/3.7 MB
2026.05.16 18:05:50 INFO  Progress (1): 0.1/3.7 MB
2026.05.16 18:05:50 INFO  Progress (1): 0.1/3.7 MB
2026.05.16 18:05:50 INFO  Progress (1): 0.1/3.7 MB
2026.05.16 18:05:50 INFO  Progress (1): 0.1/3.7 MB
2026.05.16 18:05:50 INFO  Progress (1): 0.1/3.7 MB
2026.05.16 18:05:50 INFO  Progress (1): 0.2/3.7 MB
2026.05.16 18:05:50 INFO  Progress (1): 0.2/3.7 MB
2026.05.16 18:05:50 INFO  Progress (1): 0.2/3.7 MB
2026.05.16 18:05:50 INFO  Progress (1): 0.2/3.7 MB
2026.05.16 18:05:50 INFO  Progress (1): 0.2/3.7 MB
2026.05.16 18:05:50 INFO  Progress (1): 0.2/3.7 MB
2026.05.16 18:05:50 INFO  Progress (1): 0.3/3.7 MB
2026.05.16 18:05:50 INFO  Progress (1): 0.3/3.7 MB
2026.05.16 18:05:50 INFO  Progress (1): 0.3/3.7 MB
2026.05.16 18:05:50 INFO  Progress (1): 0.3/3.7 MB
2026.05.16 18:05:50 INFO  Progress (1): 0.3/3.7 MB
2026.05.16 18:05:50 INFO  Progress (1): 0.3/3.7 MB
2026.05.16 18:05:50 INFO  Progress (1): 0.4/3.7 MB
2026.05.16 18:05:50 INFO  Progress (1): 0.4/3.7 MB
2026.05.16 18:05:50 INFO  Progress (1): 0.4/3.7 MB
2026.05.16 18:05:50 INFO  Progress (1): 0.4/3.7 MB
2026.05.16 18:05:50 INFO  Progress (1): 0.4/3.7 MB
2026.05.16 18:05:50 INFO  Progress (1): 0.4/3.7 MB
2026.05.16 18:05:50 INFO  Progress (1): 0.5/3.7 MB
2026.05.16 18:05:50 INFO  Progress (1): 0.5/3.7 MB
2026.05.16 18:05:50 INFO  Progress (1): 0.5/3.7 MB
2026.05.16 18:05:50 INFO  Progress (1): 0.5/3.7 MB
2026.05.16 18:05:50 INFO  Progress (1): 0.5/3.7 MB
2026.05.16 18:05:50 INFO  Progress (1): 0.5/3.7 MB
2026.05.16 18:05:50 INFO  Progress (1): 0.6/3.7 MB
2026.05.16 18:05:50 INFO  Progress (1): 0.6/3.7 MB
2026.05.16 18:05:50 INFO  Progress (1): 0.6/3.7 MB
2026.05.16 18:05:50 INFO  Progress (1): 0.6/3.7 MB
2026.05.16 18:05:50 INFO  Progress (1): 0.6/3.7 MB
2026.05.16 18:05:50 INFO  Progress (1): 0.6/3.7 MB
2026.05.16 18:05:50 INFO  Progress (1): 0.7/3.7 MB
2026.05.16 18:05:50 INFO  Progress (1): 0.7/3.7 MB
2026.05.16 18:05:50 INFO  Progress (1): 0.7/3.7 MB
2026.05.16 18:05:50 INFO  Progress (1): 0.7/3.7 MB
2026.05.16 18:05:50 INFO  Progress (1): 0.7/3.7 MB
2026.05.16 18:05:50 INFO  Progress (1): 0.7/3.7 MB
2026.05.16 18:05:50 INFO  Progress (1): 0.7/3.7 MB
2026.05.16 18:05:50 INFO  Progress (1): 0.8/3.7 MB
2026.05.16 18:05:50 INFO  Progress (1): 0.8/3.7 MB
2026.05.16 18:05:50 INFO  Progress (1): 0.8/3.7 MB
2026.05.16 18:05:50 INFO  Progress (1): 0.8/3.7 MB
2026.05.16 18:05:50 INFO  Progress (1): 0.8/3.7 MB
2026.05.16 18:05:50 INFO  Progress (1): 0.8/3.7 MB
2026.05.16 18:05:50 INFO  Progress (1): 0.9/3.7 MB
2026.05.16 18:05:50 INFO  Progress (1): 0.9/3.7 MB
2026.05.16 18:05:50 INFO  Progress (1): 0.9/3.7 MB
2026.05.16 18:05:50 INFO  Progress (1): 0.9/3.7 MB
2026.05.16 18:05:50 INFO  Progress (1): 0.9/3.7 MB
2026.05.16 18:05:50 INFO  Progress (1): 0.9/3.7 MB
2026.05.16 18:05:50 INFO  Progress (1): 1.0/3.7 MB
2026.05.16 18:05:50 INFO  Progress (1): 1.0/3.7 MB
2026.05.16 18:05:50 INFO  Progress (1): 1.0/3.7 MB
2026.05.16 18:05:50 INFO  Progress (1): 1.0/3.7 MB
2026.05.16 18:05:50 INFO  Progress (1): 1.0/3.7 MB
2026.05.16 18:05:50 INFO  Progress (1): 1.0/3.7 MB
2026.05.16 18:05:50 INFO  Progress (1): 1.1/3.7 MB
2026.05.16 18:05:50 INFO  Progress (1): 1.1/3.7 MB
2026.05.16 18:05:50 INFO  Progress (1): 1.1/3.7 MB
2026.05.16 18:05:50 INFO  Progress (1): 1.1/3.7 MB
2026.05.16 18:05:50 INFO  Progress (1): 1.1/3.7 MB
2026.05.16 18:05:50 INFO  Progress (1): 1.1/3.7 MB
2026.05.16 18:05:50 INFO  Progress (1): 1.2/3.7 MB
2026.05.16 18:05:50 INFO  Progress (1): 1.2/3.7 MB
2026.05.16 18:05:50 INFO  Progress (1): 1.2/3.7 MB
2026.05.16 18:05:50 INFO  Progress (1): 1.2/3.7 MB
2026.05.16 18:05:50 INFO  Progress (1): 1.2/3.7 MB
2026.05.16 18:05:50 INFO  Progress (1): 1.2/3.7 MB
2026.05.16 18:05:50 INFO  Progress (1): 1.3/3.7 MB
2026.05.16 18:05:50 INFO  Progress (1): 1.3/3.7 MB
2026.05.16 18:05:50 INFO  Progress (1): 1.3/3.7 MB
2026.05.16 18:05:50 INFO  Progress (1): 1.3/3.7 MB
2026.05.16 18:05:50 INFO  Progress (1): 1.3/3.7 MB
2026.05.16 18:05:50 INFO  Progress (1): 1.3/3.7 MB
2026.05.16 18:05:50 INFO  Progress (1): 1.3/3.7 MB
2026.05.16 18:05:50 INFO  Progress (1): 1.4/3.7 MB
2026.05.16 18:05:50 INFO  Progress (1): 1.4/3.7 MB
2026.05.16 18:05:50 INFO  Progress (1): 1.4/3.7 MB
2026.05.16 18:05:50 INFO  Progress (1): 1.4/3.7 MB
2026.05.16 18:05:50 INFO  Progress (1): 1.4/3.7 MB
2026.05.16 18:05:50 INFO  Progress (1): 1.4/3.7 MB
2026.05.16 18:05:50 INFO  Progress (1): 1.5/3.7 MB
2026.05.16 18:05:50 INFO  Progress (1): 1.5/3.7 MB
2026.05.16 18:05:50 INFO  Progress (1): 1.5/3.7 MB
2026.05.16 18:05:50 INFO  Progress (1): 1.5/3.7 MB
2026.05.16 18:05:50 INFO  Progress (1): 1.5/3.7 MB
2026.05.16 18:05:50 INFO  Progress (1): 1.5/3.7 MB
2026.05.16 18:05:50 INFO  Progress (1): 1.6/3.7 MB
2026.05.16 18:05:50 INFO  Progress (1): 1.6/3.7 MB
2026.05.16 18:05:50 INFO  Progress (1): 1.6/3.7 MB
2026.05.16 18:05:50 INFO  Progress (1): 1.6/3.7 MB
2026.05.16 18:05:50 INFO  Progress (1): 1.6/3.7 MB
2026.05.16 18:05:50 INFO  Progress (1): 1.6/3.7 MB
2026.05.16 18:05:50 INFO  Progress (1): 1.7/3.7 MB
2026.05.16 18:05:50 INFO  Progress (1): 1.7/3.7 MB
2026.05.16 18:05:50 INFO  Progress (1): 1.7/3.7 MB
2026.05.16 18:05:50 INFO  Progress (1): 1.7/3.7 MB
2026.05.16 18:05:50 INFO  Progress (1): 1.7/3.7 MB
2026.05.16 18:05:50 INFO  Progress (1): 1.7/3.7 MB
2026.05.16 18:05:50 INFO  Progress (1): 1.8/3.7 MB
2026.05.16 18:05:50 INFO  Progress (1): 1.8/3.7 MB
2026.05.16 18:05:50 INFO  Progress (1): 1.8/3.7 MB
2026.05.16 18:05:50 INFO  Progress (1): 1.8/3.7 MB
2026.05.16 18:05:50 INFO  Progress (1): 1.8/3.7 MB
2026.05.16 18:05:50 INFO  Progress (1): 1.8/3.7 MB
2026.05.16 18:05:50 INFO  Progress (1): 1.9/3.7 MB
2026.05.16 18:05:50 INFO  Progress (1): 1.9/3.7 MB
2026.05.16 18:05:50 INFO  Progress (1): 1.9/3.7 MB
2026.05.16 18:05:50 INFO  Progress (1): 1.9/3.7 MB
2026.05.16 18:05:50 INFO  Progress (1): 1.9/3.7 MB
2026.05.16 18:05:50 INFO  Progress (1): 1.9/3.7 MB
2026.05.16 18:05:50 INFO  Progress (1): 2.0/3.7 MB
2026.05.16 18:05:50 INFO  Progress (1): 2.0/3.7 MB
2026.05.16 18:05:50 INFO  Progress (1): 2.0/3.7 MB
2026.05.16 18:05:50 INFO  Progress (1): 2.0/3.7 MB
2026.05.16 18:05:50 INFO  Progress (1): 2.0/3.7 MB
2026.05.16 18:05:50 INFO  Progress (1): 2.0/3.7 MB
2026.05.16 18:05:50 INFO  Progress (1): 2.1/3.7 MB
2026.05.16 18:05:50 INFO  Progress (1): 2.1/3.7 MB
2026.05.16 18:05:50 INFO  Progress (1): 2.1/3.7 MB
2026.05.16 18:05:50 INFO  Progress (1): 2.1/3.7 MB
2026.05.16 18:05:50 INFO  Progress (1): 2.1/3.7 MB
2026.05.16 18:05:50 INFO  Progress (1): 2.1/3.7 MB
2026.05.16 18:05:50 INFO  Progress (1): 2.2/3.7 MB
2026.05.16 18:05:50 INFO  Progress (1): 2.2/3.7 MB
2026.05.16 18:05:50 INFO  Progress (1): 2.2/3.7 MB
2026.05.16 18:05:50 INFO  Progress (1): 2.2/3.7 MB
2026.05.16 18:05:50 INFO  Progress (1): 2.2/3.7 MB
2026.05.16 18:05:50 INFO  Progress (1): 2.2/3.7 MB
2026.05.16 18:05:50 INFO  Progress (1): 2.3/3.7 MB
2026.05.16 18:05:50 INFO  Progress (1): 2.3/3.7 MB
2026.05.16 18:05:50 INFO  Progress (1): 2.3/3.7 MB
2026.05.16 18:05:50 INFO  Progress (1): 2.3/3.7 MB
2026.05.16 18:05:50 INFO  Progress (1): 2.3/3.7 MB
2026.05.16 18:05:50 INFO  Progress (1): 2.3/3.7 MB
2026.05.16 18:05:50 INFO  Progress (1): 2.3/3.7 MB
2026.05.16 18:05:50 INFO  Progress (1): 2.4/3.7 MB
2026.05.16 18:05:50 INFO  Progress (1): 2.4/3.7 MB
2026.05.16 18:05:50 INFO  Progress (1): 2.4/3.7 MB
2026.05.16 18:05:50 INFO  Progress (1): 2.4/3.7 MB
2026.05.16 18:05:50 INFO  Progress (1): 2.4/3.7 MB
2026.05.16 18:05:50 INFO  Progress (1): 2.4/3.7 MB
2026.05.16 18:05:50 INFO  Progress (1): 2.5/3.7 MB
2026.05.16 18:05:50 INFO  Progress (1): 2.5/3.7 MB
2026.05.16 18:05:50 INFO  Progress (1): 2.5/3.7 MB
2026.05.16 18:05:50 INFO  Progress (1): 2.5/3.7 MB
2026.05.16 18:05:50 INFO  Progress (1): 2.5/3.7 MB
2026.05.16 18:05:50 INFO  Progress (1): 2.5/3.7 MB
2026.05.16 18:05:50 INFO  Progress (1): 2.6/3.7 MB
2026.05.16 18:05:50 INFO  Progress (1): 2.6/3.7 MB
2026.05.16 18:05:50 INFO  Progress (1): 2.6/3.7 MB
2026.05.16 18:05:50 INFO  Progress (1): 2.6/3.7 MB
2026.05.16 18:05:50 INFO  Progress (1): 2.6/3.7 MB
2026.05.16 18:05:50 INFO  Progress (1): 2.6/3.7 MB
2026.05.16 18:05:50 INFO  Progress (1): 2.7/3.7 MB
2026.05.16 18:05:50 INFO  Progress (1): 2.7/3.7 MB
2026.05.16 18:05:50 INFO  Progress (1): 2.7/3.7 MB
2026.05.16 18:05:50 INFO  Progress (1): 2.7/3.7 MB
2026.05.16 18:05:50 INFO  Progress (1): 2.7/3.7 MB
2026.05.16 18:05:50 INFO  Progress (1): 2.7/3.7 MB
2026.05.16 18:05:50 INFO  Progress (1): 2.8/3.7 MB
2026.05.16 18:05:50 INFO  Progress (1): 2.8/3.7 MB
2026.05.16 18:05:50 INFO  Progress (1): 2.8/3.7 MB
2026.05.16 18:05:50 INFO  Progress (1): 2.8/3.7 MB
2026.05.16 18:05:50 INFO  Progress (1): 2.8/3.7 MB
2026.05.16 18:05:50 INFO  Progress (1): 2.8/3.7 MB
2026.05.16 18:05:50 INFO  Progress (1): 2.9/3.7 MB
2026.05.16 18:05:50 INFO  Progress (1): 2.9/3.7 MB
2026.05.16 18:05:50 INFO  Progress (1): 2.9/3.7 MB
2026.05.16 18:05:50 INFO  Progress (1): 2.9/3.7 MB
2026.05.16 18:05:50 INFO  Progress (1): 2.9/3.7 MB
2026.05.16 18:05:50 INFO  Progress (1): 2.9/3.7 MB
2026.05.16 18:05:50 INFO  Progress (1): 3.0/3.7 MB
2026.05.16 18:05:50 INFO  Progress (1): 3.0/3.7 MB
2026.05.16 18:05:50 INFO  Progress (1): 3.0/3.7 MB
2026.05.16 18:05:50 INFO  Progress (1): 3.0/3.7 MB
2026.05.16 18:05:50 INFO  Progress (1): 3.0/3.7 MB
2026.05.16 18:05:50 INFO  Progress (1): 3.0/3.7 MB
2026.05.16 18:05:50 INFO  Progress (1): 3.1/3.7 MB
2026.05.16 18:05:50 INFO  Progress (1): 3.1/3.7 MB
2026.05.16 18:05:50 INFO  Progress (1): 3.1/3.7 MB
2026.05.16 18:05:50 INFO  Progress (1): 3.1/3.7 MB
2026.05.16 18:05:50 INFO  Progress (1): 3.1/3.7 MB
2026.05.16 18:05:50 INFO  Progress (1): 3.1/3.7 MB
2026.05.16 18:05:50 INFO  Progress (1): 3.2/3.7 MB
2026.05.16 18:05:50 INFO  Progress (1): 3.2/3.7 MB
2026.05.16 18:05:50 INFO  Progress (1): 3.2/3.7 MB
2026.05.16 18:05:50 INFO  Progress (1): 3.2/3.7 MB
2026.05.16 18:05:50 INFO  Progress (1): 3.2/3.7 MB
2026.05.16 18:05:50 INFO  Progress (1): 3.2/3.7 MB
2026.05.16 18:05:50 INFO  Progress (1): 3.3/3.7 MB
2026.05.16 18:05:50 INFO  Progress (1): 3.3/3.7 MB
2026.05.16 18:05:50 INFO  Progress (1): 3.3/3.7 MB
2026.05.16 18:05:50 INFO  Progress (1): 3.3/3.7 MB
2026.05.16 18:05:50 INFO  Progress (1): 3.3/3.7 MB
2026.05.16 18:05:50 INFO  Progress (1): 3.3/3.7 MB
2026.05.16 18:05:50 INFO  Progress (1): 3.3/3.7 MB
2026.05.16 18:05:50 INFO  Progress (1): 3.4/3.7 MB
2026.05.16 18:05:50 INFO  Progress (1): 3.4/3.7 MB
2026.05.16 18:05:50 INFO  Progress (1): 3.4/3.7 MB
2026.05.16 18:05:50 INFO  Progress (1): 3.4/3.7 MB
2026.05.16 18:05:50 INFO  Progress (1): 3.4/3.7 MB
2026.05.16 18:05:50 INFO  Progress (1): 3.4/3.7 MB
2026.05.16 18:05:50 INFO  Progress (1): 3.5/3.7 MB
2026.05.16 18:05:50 INFO  Progress (1): 3.5/3.7 MB
2026.05.16 18:05:50 INFO  Progress (1): 3.5/3.7 MB
2026.05.16 18:05:50 INFO  Progress (1): 3.5/3.7 MB
2026.05.16 18:05:50 INFO  Progress (1): 3.5/3.7 MB
2026.05.16 18:05:50 INFO  Progress (1): 3.5/3.7 MB
2026.05.16 18:05:50 INFO  Progress (1): 3.6/3.7 MB
2026.05.16 18:05:50 INFO  Progress (1): 3.6/3.7 MB
2026.05.16 18:05:50 INFO  Progress (1): 3.6/3.7 MB
2026.05.16 18:05:50 INFO  Progress (1): 3.6/3.7 MB
2026.05.16 18:05:50 INFO  Progress (1): 3.6/3.7 MB
2026.05.16 18:05:50 INFO  Progress (1): 3.6/3.7 MB
2026.05.16 18:05:50 INFO  Progress (1): 3.7/3.7 MB
2026.05.16 18:05:50 INFO  Progress (1): 3.7/3.7 MB
2026.05.16 18:05:50 INFO  Progress (1): 3.7/3.7 MB
2026.05.16 18:05:50 INFO  Progress (1): 3.7/3.7 MB
2026.05.16 18:05:50 INFO  Progress (1): 3.7/3.7 MB
2026.05.16 18:05:50 INFO  Progress (1): 3.7/3.7 MB
2026.05.16 18:05:50 INFO  Progress (1): 3.7 MB    
2026.05.16 18:05:50 INFO                      
2026.05.16 18:05:50 INFO  Downloaded from central: https://repo.maven.apache.org/maven2/org/apache/tomcat/embed/tomcat-embed-core/11.0.20/tomcat-embed-core-11.0.20-sources.jar (3.7 MB at 6.4 MB/s)
2026.05.16 18:05:50 INFO  [INFO] SUCCESS: org.apache.tomcat.embed:tomcat-embed-core:jar:11.0.20:compile (sources = true)
2026.05.16 18:05:50 INFO  [INFO] Resolving artifact: ch.qos.logback:logback-classic:jar:1.5.32:compile (sources = false)
2026.05.16 18:05:50 INFO  [INFO] SUCCESS: ch.qos.logback:logback-classic:jar:1.5.32:compile (sources = false)
2026.05.16 18:05:50 INFO  [INFO] Resolving artifact: ch.qos.logback:logback-classic:jar:1.5.32:compile (sources = true)
2026.05.16 18:05:50 INFO  Downloading from central: https://repo.maven.apache.org/maven2/ch/qos/logback/logback-classic/1.5.32/logback-classic-1.5.32-sources.jar
2026.05.16 18:05:50 INFO  Progress (1): 7.7/251 kB
2026.05.16 18:05:50 INFO  Progress (1): 8.2/251 kB
2026.05.16 18:05:50 INFO  Progress (1): 25/251 kB 
2026.05.16 18:05:50 INFO  Progress (1): 41/251 kB
2026.05.16 18:05:50 INFO  Progress (1): 57/251 kB
2026.05.16 18:05:50 INFO  Progress (1): 74/251 kB
2026.05.16 18:05:50 INFO  Progress (1): 90/251 kB
2026.05.16 18:05:50 INFO  Progress (1): 106/251 kB
2026.05.16 18:05:50 INFO  Progress (1): 123/251 kB
2026.05.16 18:05:50 INFO  Progress (1): 139/251 kB
2026.05.16 18:05:50 INFO  Progress (1): 156/251 kB
2026.05.16 18:05:50 INFO  Progress (1): 172/251 kB
2026.05.16 18:05:50 INFO  Progress (1): 188/251 kB
2026.05.16 18:05:50 INFO  Progress (1): 205/251 kB
2026.05.16 18:05:50 INFO  Progress (1): 221/251 kB
2026.05.16 18:05:50 INFO  Progress (1): 229/251 kB
2026.05.16 18:05:50 INFO  Progress (1): 238/251 kB
2026.05.16 18:05:50 INFO  Progress (1): 251 kB    
2026.05.16 18:05:50 INFO                      
2026.05.16 18:05:50 INFO  Downloaded from central: https://repo.maven.apache.org/maven2/ch/qos/logback/logback-classic/1.5.32/logback-classic-1.5.32-sources.jar (251 kB at 1.3 MB/s)
2026.05.16 18:05:50 INFO  [INFO] SUCCESS: ch.qos.logback:logback-classic:jar:1.5.32:compile (sources = true)
2026.05.16 18:05:50 INFO  [INFO] Resolving artifact: org.junit.jupiter:junit-jupiter-api:jar:6.0.3:test (sources = false)
2026.05.16 18:05:50 INFO  [INFO] SUCCESS: org.junit.jupiter:junit-jupiter-api:jar:6.0.3:test (sources = false)
2026.05.16 18:05:50 INFO  [INFO] Resolving artifact: org.junit.jupiter:junit-jupiter-api:jar:6.0.3:test (sources = true)
2026.05.16 18:05:50 INFO  Downloading from central: https://repo.maven.apache.org/maven2/org/junit/jupiter/junit-jupiter-api/6.0.3/junit-jupiter-api-6.0.3-sources.jar
2026.05.16 18:05:50 INFO  Progress (1): 7.7/251 kB
2026.05.16 18:05:50 INFO  Progress (1): 16/251 kB 
2026.05.16 18:05:50 INFO  Progress (1): 32/251 kB
2026.05.16 18:05:50 INFO  Progress (1): 49/251 kB
2026.05.16 18:05:50 INFO  Progress (1): 57/251 kB
2026.05.16 18:05:50 INFO  Progress (1): 74/251 kB
2026.05.16 18:05:50 INFO  Progress (1): 90/251 kB
2026.05.16 18:05:50 INFO  Progress (1): 106/251 kB
2026.05.16 18:05:50 INFO  Progress (1): 123/251 kB
2026.05.16 18:05:50 INFO  Progress (1): 131/251 kB
2026.05.16 18:05:50 INFO  Progress (1): 147/251 kB
2026.05.16 18:05:50 INFO  Progress (1): 164/251 kB
2026.05.16 18:05:50 INFO  Progress (1): 180/251 kB
2026.05.16 18:05:50 INFO  Progress (1): 197/251 kB
2026.05.16 18:05:50 INFO  Progress (1): 213/251 kB
2026.05.16 18:05:50 INFO  Progress (1): 229/251 kB
2026.05.16 18:05:50 INFO  Progress (1): 238/251 kB
2026.05.16 18:05:50 INFO  Progress (1): 251 kB    
2026.05.16 18:05:51 INFO                      
2026.05.16 18:05:51 INFO  Downloaded from central: https://repo.maven.apache.org/maven2/org/junit/jupiter/junit-jupiter-api/6.0.3/junit-jupiter-api-6.0.3-sources.jar (251 kB at 1.4 MB/s)
2026.05.16 18:05:51 INFO  [INFO] SUCCESS: org.junit.jupiter:junit-jupiter-api:jar:6.0.3:test (sources = true)
2026.05.16 18:05:51 INFO  [INFO] Resolving artifact: org.attoparser:attoparser:jar:2.0.7.RELEASE:compile (sources = false)
2026.05.16 18:05:51 INFO  [INFO] SUCCESS: org.attoparser:attoparser:jar:2.0.7.RELEASE:compile (sources = false)
2026.05.16 18:05:51 INFO  [INFO] Resolving artifact: org.attoparser:attoparser:jar:2.0.7.RELEASE:compile (sources = true)
2026.05.16 18:05:51 INFO  Downloading from central: https://repo.maven.apache.org/maven2/org/attoparser/attoparser/2.0.7.RELEASE/attoparser-2.0.7.RELEASE-sources.jar
2026.05.16 18:05:51 INFO  Progress (1): 7.7/220 kB
2026.05.16 18:05:51 INFO  Progress (1): 16/220 kB 
2026.05.16 18:05:51 INFO  Progress (1): 25/220 kB
2026.05.16 18:05:51 INFO  Progress (1): 41/220 kB
2026.05.16 18:05:51 INFO  Progress (1): 57/220 kB
2026.05.16 18:05:51 INFO  Progress (1): 74/220 kB
2026.05.16 18:05:51 INFO  Progress (1): 90/220 kB
2026.05.16 18:05:51 INFO  Progress (1): 106/220 kB
2026.05.16 18:05:51 INFO  Progress (1): 123/220 kB
2026.05.16 18:05:51 INFO  Progress (1): 139/220 kB
2026.05.16 18:05:51 INFO  Progress (1): 156/220 kB
2026.05.16 18:05:51 INFO  Progress (1): 172/220 kB
2026.05.16 18:05:51 INFO  Progress (1): 188/220 kB
2026.05.16 18:05:51 INFO  Progress (1): 205/220 kB
2026.05.16 18:05:51 INFO  Progress (1): 220 kB    
2026.05.16 18:05:51 INFO                      
2026.05.16 18:05:51 INFO  Downloaded from central: https://repo.maven.apache.org/maven2/org/attoparser/attoparser/2.0.7.RELEASE/attoparser-2.0.7.RELEASE-sources.jar (220 kB at 1.2 MB/s)
2026.05.16 18:05:51 INFO  [INFO] SUCCESS: org.attoparser:attoparser:jar:2.0.7.RELEASE:compile (sources = true)
2026.05.16 18:05:51 INFO  [INFO] Resolving artifact: org.skyscreamer:jsonassert:jar:1.5.3:test (sources = false)
2026.05.16 18:05:51 INFO  [INFO] SUCCESS: org.skyscreamer:jsonassert:jar:1.5.3:test (sources = false)
2026.05.16 18:05:51 INFO  [INFO] Resolving artifact: org.skyscreamer:jsonassert:jar:1.5.3:test (sources = true)
2026.05.16 18:05:51 INFO  [INFO] SUCCESS: org.skyscreamer:jsonassert:jar:1.5.3:test (sources = true)
2026.05.16 18:05:51 INFO  [INFO] Resolving artifact: org.glassfish.jaxb:jaxb-core:jar:4.0.6:runtime (sources = false)
2026.05.16 18:05:51 INFO  [INFO] SUCCESS: org.glassfish.jaxb:jaxb-core:jar:4.0.6:runtime (sources = false)
2026.05.16 18:05:51 INFO  [INFO] Resolving artifact: org.glassfish.jaxb:jaxb-core:jar:4.0.6:runtime (sources = true)
2026.05.16 18:05:51 INFO  [INFO] SUCCESS: org.glassfish.jaxb:jaxb-core:jar:4.0.6:runtime (sources = true)
2026.05.16 18:05:51 INFO  [INFO] Resolving artifact: org.springframework.boot:spring-boot:jar:4.0.5:compile (sources = false)
2026.05.16 18:05:51 INFO  [INFO] SUCCESS: org.springframework.boot:spring-boot:jar:4.0.5:compile (sources = false)
2026.05.16 18:05:51 INFO  [INFO] Resolving artifact: org.springframework.boot:spring-boot:jar:4.0.5:compile (sources = true)
2026.05.16 18:05:51 INFO  Downloading from central: https://repo.maven.apache.org/maven2/org/springframework/boot/spring-boot/4.0.5/spring-boot-4.0.5-sources.jar
2026.05.16 18:05:51 INFO  Progress (1): 7.7/851 kB
2026.05.16 18:05:51 INFO  Progress (1): 16/851 kB 
2026.05.16 18:05:51 INFO  Progress (1): 25/851 kB
2026.05.16 18:05:51 INFO  Progress (1): 41/851 kB
2026.05.16 18:05:51 INFO  Progress (1): 57/851 kB
2026.05.16 18:05:51 INFO  Progress (1): 74/851 kB
2026.05.16 18:05:51 INFO  Progress (1): 90/851 kB
2026.05.16 18:05:51 INFO  Progress (1): 106/851 kB
2026.05.16 18:05:51 INFO  Progress (1): 123/851 kB
2026.05.16 18:05:51 INFO  Progress (1): 139/851 kB
2026.05.16 18:05:51 INFO  Progress (1): 156/851 kB
2026.05.16 18:05:51 INFO  Progress (1): 172/851 kB
2026.05.16 18:05:51 INFO  Progress (1): 188/851 kB
2026.05.16 18:05:51 INFO  Progress (1): 205/851 kB
2026.05.16 18:05:51 INFO  Progress (1): 221/851 kB
2026.05.16 18:05:51 INFO  Progress (1): 238/851 kB
2026.05.16 18:05:51 INFO  Progress (1): 254/851 kB
2026.05.16 18:05:51 INFO  Progress (1): 262/851 kB
2026.05.16 18:05:51 INFO  Progress (1): 279/851 kB
2026.05.16 18:05:51 INFO  Progress (1): 295/851 kB
2026.05.16 18:05:51 INFO  Progress (1): 311/851 kB
2026.05.16 18:05:51 INFO  Progress (1): 328/851 kB
2026.05.16 18:05:51 INFO  Progress (1): 344/851 kB
2026.05.16 18:05:51 INFO  Progress (1): 360/851 kB
2026.05.16 18:05:51 INFO  Progress (1): 377/851 kB
2026.05.16 18:05:51 INFO  Progress (1): 393/851 kB
2026.05.16 18:05:51 INFO  Progress (1): 410/851 kB
2026.05.16 18:05:51 INFO  Progress (1): 426/851 kB
2026.05.16 18:05:51 INFO  Progress (1): 442/851 kB
2026.05.16 18:05:51 INFO  Progress (1): 459/851 kB
2026.05.16 18:05:51 INFO  Progress (1): 475/851 kB
2026.05.16 18:05:51 INFO  Progress (1): 492/851 kB
2026.05.16 18:05:51 INFO  Progress (1): 508/851 kB
2026.05.16 18:05:51 INFO  Progress (1): 524/851 kB
2026.05.16 18:05:51 INFO  Progress (1): 541/851 kB
2026.05.16 18:05:51 INFO  Progress (1): 557/851 kB
2026.05.16 18:05:51 INFO  Progress (1): 573/851 kB
2026.05.16 18:05:51 INFO  Progress (1): 590/851 kB
2026.05.16 18:05:51 INFO  Progress (1): 606/851 kB
2026.05.16 18:05:51 INFO  Progress (1): 623/851 kB
2026.05.16 18:05:51 INFO  Progress (1): 639/851 kB
2026.05.16 18:05:51 INFO  Progress (1): 655/851 kB
2026.05.16 18:05:51 INFO  Progress (1): 672/851 kB
2026.05.16 18:05:51 INFO  Progress (1): 688/851 kB
2026.05.16 18:05:51 INFO  Progress (1): 705/851 kB
2026.05.16 18:05:51 INFO  Progress (1): 721/851 kB
2026.05.16 18:05:51 INFO  Progress (1): 737/851 kB
2026.05.16 18:05:51 INFO  Progress (1): 754/851 kB
2026.05.16 18:05:51 INFO  Progress (1): 770/851 kB
2026.05.16 18:05:51 INFO  Progress (1): 786/851 kB
2026.05.16 18:05:51 INFO  Progress (1): 803/851 kB
2026.05.16 18:05:51 INFO  Progress (1): 819/851 kB
2026.05.16 18:05:51 INFO  Progress (1): 836/851 kB
2026.05.16 18:05:51 INFO  Progress (1): 851 kB    
2026.05.16 18:05:51 INFO                      
2026.05.16 18:05:51 INFO  Downloaded from central: https://repo.maven.apache.org/maven2/org/springframework/boot/spring-boot/4.0.5/spring-boot-4.0.5-sources.jar (851 kB at 4.2 MB/s)
2026.05.16 18:05:51 INFO  [INFO] SUCCESS: org.springframework.boot:spring-boot:jar:4.0.5:compile (sources = true)
2026.05.16 18:05:51 INFO  [INFO] Resolving artifact: jakarta.annotation:jakarta.annotation-api:jar:3.0.0:compile (sources = false)
2026.05.16 18:05:51 INFO  [INFO] SUCCESS: jakarta.annotation:jakarta.annotation-api:jar:3.0.0:compile (sources = false)
2026.05.16 18:05:51 INFO  [INFO] Resolving artifact: jakarta.annotation:jakarta.annotation-api:jar:3.0.0:compile (sources = true)
2026.05.16 18:05:51 INFO  Downloading from central: https://repo.maven.apache.org/maven2/jakarta/annotation/jakarta.annotation-api/3.0.0/jakarta.annotation-api-3.0.0-sources.jar
2026.05.16 18:05:51 INFO  Progress (1): 7.7/36 kB
2026.05.16 18:05:51 INFO  Progress (1): 16/36 kB 
2026.05.16 18:05:51 INFO  Progress (1): 24/36 kB
2026.05.16 18:05:51 INFO  Progress (1): 36 kB   
2026.05.16 18:05:53 INFO                     
2026.05.16 18:05:53 INFO  Downloaded from central: https://repo.maven.apache.org/maven2/jakarta/annotation/jakarta.annotation-api/3.0.0/jakarta.annotation-api-3.0.0-sources.jar (36 kB at 22 kB/s)
2026.05.16 18:05:53 INFO  [INFO] SUCCESS: jakarta.annotation:jakarta.annotation-api:jar:3.0.0:compile (sources = true)
2026.05.16 18:05:53 INFO  [INFO] Resolving artifact: org.glassfish.jaxb:txw2:jar:4.0.6:runtime (sources = false)
2026.05.16 18:05:53 INFO  [INFO] SUCCESS: org.glassfish.jaxb:txw2:jar:4.0.6:runtime (sources = false)
2026.05.16 18:05:53 INFO  [INFO] Resolving artifact: org.glassfish.jaxb:txw2:jar:4.0.6:runtime (sources = true)
2026.05.16 18:05:53 INFO  [INFO] SUCCESS: org.glassfish.jaxb:txw2:jar:4.0.6:runtime (sources = true)
2026.05.16 18:05:53 INFO  [INFO] Resolving artifact: org.xmlunit:xmlunit-core:jar:2.10.4:test (sources = false)
2026.05.16 18:05:53 INFO  [INFO] SUCCESS: org.xmlunit:xmlunit-core:jar:2.10.4:test (sources = false)
2026.05.16 18:05:53 INFO  [INFO] Resolving artifact: org.xmlunit:xmlunit-core:jar:2.10.4:test (sources = true)
2026.05.16 18:05:53 INFO  [INFO] SUCCESS: org.xmlunit:xmlunit-core:jar:2.10.4:test (sources = true)
2026.05.16 18:05:53 INFO  [INFO] Resolving artifact: org.junit.platform:junit-platform-commons:jar:6.0.3:test (sources = false)
2026.05.16 18:05:53 INFO  [INFO] SUCCESS: org.junit.platform:junit-platform-commons:jar:6.0.3:test (sources = false)
2026.05.16 18:05:53 INFO  [INFO] Resolving artifact: org.junit.platform:junit-platform-commons:jar:6.0.3:test (sources = true)
2026.05.16 18:05:53 INFO  Downloading from central: https://repo.maven.apache.org/maven2/org/junit/platform/junit-platform-commons/6.0.3/junit-platform-commons-6.0.3-sources.jar
2026.05.16 18:05:53 INFO  Progress (1): 7.7/115 kB
2026.05.16 18:05:53 INFO  Progress (1): 16/115 kB 
2026.05.16 18:05:53 INFO  Progress (1): 25/115 kB
2026.05.16 18:05:53 INFO  Progress (1): 41/115 kB
2026.05.16 18:05:53 INFO  Progress (1): 57/115 kB
2026.05.16 18:05:53 INFO  Progress (1): 74/115 kB
2026.05.16 18:05:53 INFO  Progress (1): 90/115 kB
2026.05.16 18:05:53 INFO  Progress (1): 106/115 kB
2026.05.16 18:05:53 INFO  Progress (1): 115 kB    
2026.05.16 18:05:53 INFO                      
2026.05.16 18:05:53 INFO  Downloaded from central: https://repo.maven.apache.org/maven2/org/junit/platform/junit-platform-commons/6.0.3/junit-platform-commons-6.0.3-sources.jar (115 kB at 619 kB/s)
2026.05.16 18:05:53 INFO  [INFO] SUCCESS: org.junit.platform:junit-platform-commons:jar:6.0.3:test (sources = true)
2026.05.16 18:05:53 INFO  [INFO] Resolving artifact: jakarta.inject:jakarta.inject-api:jar:2.0.1:runtime (sources = false)
2026.05.16 18:05:53 INFO  [INFO] SUCCESS: jakarta.inject:jakarta.inject-api:jar:2.0.1:runtime (sources = false)
2026.05.16 18:05:53 INFO  [INFO] Resolving artifact: jakarta.inject:jakarta.inject-api:jar:2.0.1:runtime (sources = true)
2026.05.16 18:05:53 INFO  [INFO] SUCCESS: jakarta.inject:jakarta.inject-api:jar:2.0.1:runtime (sources = true)
2026.05.16 18:05:53 INFO  [INFO] Resolving artifact: org.springframework.boot:spring-boot-starter-jackson:jar:4.0.5:compile (sources = false)
2026.05.16 18:05:53 INFO  [INFO] SUCCESS: org.springframework.boot:spring-boot-starter-jackson:jar:4.0.5:compile (sources = false)
2026.05.16 18:05:53 INFO  [INFO] Resolving artifact: org.springframework.boot:spring-boot-starter-jackson:jar:4.0.5:compile (sources = true)
2026.05.16 18:05:53 INFO  Downloading from central: https://repo.maven.apache.org/maven2/org/springframework/boot/spring-boot-starter-jackson/4.0.5/spring-boot-starter-jackson-4.0.5-sources.jar
2026.05.16 18:05:53 INFO  Progress (1): 4.7 kB
2026.05.16 18:05:53 INFO                      
2026.05.16 18:05:53 INFO  Downloaded from central: https://repo.maven.apache.org/maven2/org/springframework/boot/spring-boot-starter-jackson/4.0.5/spring-boot-starter-jackson-4.0.5-sources.jar (4.7 kB at 41 kB/s)
2026.05.16 18:05:53 INFO  [INFO] SUCCESS: org.springframework.boot:spring-boot-starter-jackson:jar:4.0.5:compile (sources = true)
2026.05.16 18:05:53 INFO  [INFO] Resolving artifact: org.springframework:spring-tx:jar:7.0.6:compile (sources = false)
2026.05.16 18:05:53 INFO  [INFO] SUCCESS: org.springframework:spring-tx:jar:7.0.6:compile (sources = false)
2026.05.16 18:05:53 INFO  [INFO] Resolving artifact: org.springframework:spring-tx:jar:7.0.6:compile (sources = true)
2026.05.16 18:05:53 INFO  Downloading from central: https://repo.maven.apache.org/maven2/org/springframework/spring-tx/7.0.6/spring-tx-7.0.6-sources.jar
2026.05.16 18:05:53 INFO  Progress (1): 7.7/302 kB
2026.05.16 18:05:53 INFO  Progress (1): 8.2/302 kB
2026.05.16 18:05:53 INFO  Progress (1): 25/302 kB 
2026.05.16 18:05:53 INFO  Progress (1): 41/302 kB
2026.05.16 18:05:53 INFO  Progress (1): 57/302 kB
2026.05.16 18:05:53 INFO  Progress (1): 66/302 kB
2026.05.16 18:05:53 INFO  Progress (1): 74/302 kB
2026.05.16 18:05:53 INFO  Progress (1): 90/302 kB
2026.05.16 18:05:53 INFO  Progress (1): 106/302 kB
2026.05.16 18:05:53 INFO  Progress (1): 115/302 kB
2026.05.16 18:05:53 INFO  Progress (1): 131/302 kB
2026.05.16 18:05:53 INFO  Progress (1): 147/302 kB
2026.05.16 18:05:53 INFO  Progress (1): 164/302 kB
2026.05.16 18:05:53 INFO  Progress (1): 180/302 kB
2026.05.16 18:05:53 INFO  Progress (1): 197/302 kB
2026.05.16 18:05:53 INFO  Progress (1): 205/302 kB
2026.05.16 18:05:53 INFO  Progress (1): 221/302 kB
2026.05.16 18:05:53 INFO  Progress (1): 229/302 kB
2026.05.16 18:05:53 INFO  Progress (1): 238/302 kB
2026.05.16 18:05:53 INFO  Progress (1): 254/302 kB
2026.05.16 18:05:53 INFO  Progress (1): 262/302 kB
2026.05.16 18:05:53 INFO  Progress (1): 270/302 kB
2026.05.16 18:05:53 INFO  Progress (1): 279/302 kB
2026.05.16 18:05:53 INFO  Progress (1): 295/302 kB
2026.05.16 18:05:53 INFO  Progress (1): 302 kB    
2026.05.16 18:05:53 INFO                      
2026.05.16 18:05:53 INFO  Downloaded from central: https://repo.maven.apache.org/maven2/org/springframework/spring-tx/7.0.6/spring-tx-7.0.6-sources.jar (302 kB at 1.3 MB/s)
2026.05.16 18:05:53 INFO  [INFO] SUCCESS: org.springframework:spring-tx:jar:7.0.6:compile (sources = true)
2026.05.16 18:05:53 INFO  [INFO] Resolving artifact: org.unbescape:unbescape:jar:1.1.6.RELEASE:compile (sources = false)
2026.05.16 18:05:53 INFO  [INFO] SUCCESS: org.unbescape:unbescape:jar:1.1.6.RELEASE:compile (sources = false)
2026.05.16 18:05:53 INFO  [INFO] Resolving artifact: org.unbescape:unbescape:jar:1.1.6.RELEASE:compile (sources = true)
2026.05.16 18:05:53 INFO  Downloading from central: https://repo.maven.apache.org/maven2/org/unbescape/unbescape/1.1.6.RELEASE/unbescape-1.1.6.RELEASE-sources.jar
2026.05.16 18:05:53 INFO  Progress (1): 7.7/193 kB
2026.05.16 18:05:53 INFO  Progress (1): 16/193 kB 
2026.05.16 18:05:53 INFO  Progress (1): 25/193 kB
2026.05.16 18:05:53 INFO  Progress (1): 41/193 kB
2026.05.16 18:05:53 INFO  Progress (1): 57/193 kB
2026.05.16 18:05:53 INFO  Progress (1): 74/193 kB
2026.05.16 18:05:53 INFO  Progress (1): 90/193 kB
2026.05.16 18:05:53 INFO  Progress (1): 106/193 kB
2026.05.16 18:05:53 INFO  Progress (1): 123/193 kB
2026.05.16 18:05:53 INFO  Progress (1): 139/193 kB
2026.05.16 18:05:53 INFO  Progress (1): 156/193 kB
2026.05.16 18:05:53 INFO  Progress (1): 172/193 kB
2026.05.16 18:05:53 INFO  Progress (1): 188/193 kB
2026.05.16 18:05:53 INFO  Progress (1): 193 kB    
2026.05.16 18:05:53 INFO                      
2026.05.16 18:05:53 INFO  Downloaded from central: https://repo.maven.apache.org/maven2/org/unbescape/unbescape/1.1.6.RELEASE/unbescape-1.1.6.RELEASE-sources.jar (193 kB at 966 kB/s)
2026.05.16 18:05:53 INFO  [INFO] SUCCESS: org.unbescape:unbescape:jar:1.1.6.RELEASE:compile (sources = true)
2026.05.16 18:05:53 INFO  [INFO] Resolving artifact: org.springframework.boot:spring-boot-starter-tomcat-runtime:jar:4.0.5:compile (sources = false)
2026.05.16 18:05:53 INFO  [INFO] SUCCESS: org.springframework.boot:spring-boot-starter-tomcat-runtime:jar:4.0.5:compile (sources = false)
2026.05.16 18:05:53 INFO  [INFO] Resolving artifact: org.springframework.boot:spring-boot-starter-tomcat-runtime:jar:4.0.5:compile (sources = true)
2026.05.16 18:05:53 INFO  Downloading from central: https://repo.maven.apache.org/maven2/org/springframework/boot/spring-boot-starter-tomcat-runtime/4.0.5/spring-boot-starter-tomcat-runtime-4.0.5-sources.jar
2026.05.16 18:05:53 INFO  Progress (1): 3.2/4.7 kB
2026.05.16 18:05:53 INFO  Progress (1): 4.7 kB    
2026.05.16 18:05:54 INFO                      
2026.05.16 18:05:54 INFO  Downloaded from central: https://repo.maven.apache.org/maven2/org/springframework/boot/spring-boot-starter-tomcat-runtime/4.0.5/spring-boot-starter-tomcat-runtime-4.0.5-sources.jar (4.7 kB at 51 kB/s)
2026.05.16 18:05:54 INFO  [INFO] SUCCESS: org.springframework.boot:spring-boot-starter-tomcat-runtime:jar:4.0.5:compile (sources = true)
2026.05.16 18:05:54 INFO  [INFO] Resolving artifact: org.springframework.boot:spring-boot-starter-web:jar:4.0.5:compile (sources = false)
2026.05.16 18:05:54 INFO  [INFO] SUCCESS: org.springframework.boot:spring-boot-starter-web:jar:4.0.5:compile (sources = false)
2026.05.16 18:05:54 INFO  [INFO] Resolving artifact: org.springframework.boot:spring-boot-starter-web:jar:4.0.5:compile (sources = true)
2026.05.16 18:05:54 INFO  Downloading from central: https://repo.maven.apache.org/maven2/org/springframework/boot/spring-boot-starter-web/4.0.5/spring-boot-starter-web-4.0.5-sources.jar
2026.05.16 18:05:54 INFO  Progress (1): 4.8 kB
2026.05.16 18:05:54 INFO                      
2026.05.16 18:05:54 INFO  Downloaded from central: https://repo.maven.apache.org/maven2/org/springframework/boot/spring-boot-starter-web/4.0.5/spring-boot-starter-web-4.0.5-sources.jar (4.8 kB at 58 kB/s)
2026.05.16 18:05:54 INFO  [INFO] SUCCESS: org.springframework.boot:spring-boot-starter-web:jar:4.0.5:compile (sources = true)
2026.05.16 18:05:54 INFO  [INFO] Resolving artifact: org.thymeleaf.extras:thymeleaf-extras-springsecurity6:jar:3.1.3.RELEASE:compile (sources = false)
2026.05.16 18:05:54 INFO  [INFO] SUCCESS: org.thymeleaf.extras:thymeleaf-extras-springsecurity6:jar:3.1.3.RELEASE:compile (sources = false)
2026.05.16 18:05:54 INFO  [INFO] Resolving artifact: org.thymeleaf.extras:thymeleaf-extras-springsecurity6:jar:3.1.3.RELEASE:compile (sources = true)
2026.05.16 18:05:54 INFO  Downloading from central: https://repo.maven.apache.org/maven2/org/thymeleaf/extras/thymeleaf-extras-springsecurity6/3.1.3.RELEASE/thymeleaf-extras-springsecurity6-3.1.3.RELEASE-sources.jar
2026.05.16 18:05:54 INFO  Progress (1): 7.7/38 kB
2026.05.16 18:05:54 INFO  Progress (1): 16/38 kB 
2026.05.16 18:05:54 INFO  Progress (1): 24/38 kB
2026.05.16 18:05:54 INFO  Progress (1): 38 kB   
2026.05.16 18:05:56 INFO                     
2026.05.16 18:05:56 INFO  Downloaded from central: https://repo.maven.apache.org/maven2/org/thymeleaf/extras/thymeleaf-extras-springsecurity6/3.1.3.RELEASE/thymeleaf-extras-springsecurity6-3.1.3.RELEASE-sources.jar (38 kB at 22 kB/s)
2026.05.16 18:05:56 INFO  [INFO] SUCCESS: org.thymeleaf.extras:thymeleaf-extras-springsecurity6:jar:3.1.3.RELEASE:compile (sources = true)
2026.05.16 18:05:56 INFO  [INFO] Resolving artifact: net.bytebuddy:byte-buddy:jar:1.17.8:runtime (sources = false)
2026.05.16 18:05:56 INFO  [INFO] SUCCESS: net.bytebuddy:byte-buddy:jar:1.17.8:runtime (sources = false)
2026.05.16 18:05:56 INFO  [INFO] Resolving artifact: net.bytebuddy:byte-buddy:jar:1.17.8:runtime (sources = true)
2026.05.16 18:05:56 INFO  [INFO] SUCCESS: net.bytebuddy:byte-buddy:jar:1.17.8:runtime (sources = true)
2026.05.16 18:05:56 INFO  [INFO] Resolving artifact: org.springframework.boot:spring-boot-web-server:jar:4.0.5:compile (sources = false)
2026.05.16 18:05:56 INFO  [INFO] SUCCESS: org.springframework.boot:spring-boot-web-server:jar:4.0.5:compile (sources = false)
2026.05.16 18:05:56 INFO  [INFO] Resolving artifact: org.springframework.boot:spring-boot-web-server:jar:4.0.5:compile (sources = true)
2026.05.16 18:05:56 INFO  Downloading from central: https://repo.maven.apache.org/maven2/org/springframework/boot/spring-boot-web-server/4.0.5/spring-boot-web-server-4.0.5-sources.jar
2026.05.16 18:05:56 INFO  Progress (1): 7.7/129 kB
2026.05.16 18:05:56 INFO  Progress (1): 8.2/129 kB
2026.05.16 18:05:56 INFO  Progress (1): 25/129 kB 
2026.05.16 18:05:56 INFO  Progress (1): 41/129 kB
2026.05.16 18:05:56 INFO  Progress (1): 57/129 kB
2026.05.16 18:05:56 INFO  Progress (1): 74/129 kB
2026.05.16 18:05:56 INFO  Progress (1): 90/129 kB
2026.05.16 18:05:56 INFO  Progress (1): 106/129 kB
2026.05.16 18:05:56 INFO  Progress (1): 123/129 kB
2026.05.16 18:05:56 INFO  Progress (1): 129 kB    
2026.05.16 18:05:56 INFO                      
2026.05.16 18:05:56 INFO  Downloaded from central: https://repo.maven.apache.org/maven2/org/springframework/boot/spring-boot-web-server/4.0.5/spring-boot-web-server-4.0.5-sources.jar (129 kB at 761 kB/s)
2026.05.16 18:05:56 INFO  [INFO] SUCCESS: org.springframework.boot:spring-boot-web-server:jar:4.0.5:compile (sources = true)
2026.05.16 18:05:56 INFO  [INFO] Resolving artifact: jakarta.activation:jakarta.activation-api:jar:2.1.4:runtime (sources = false)
2026.05.16 18:05:56 INFO  [INFO] SUCCESS: jakarta.activation:jakarta.activation-api:jar:2.1.4:runtime (sources = false)
2026.05.16 18:05:56 INFO  [INFO] Resolving artifact: jakarta.activation:jakarta.activation-api:jar:2.1.4:runtime (sources = true)
2026.05.16 18:05:56 INFO  [INFO] SUCCESS: jakarta.activation:jakarta.activation-api:jar:2.1.4:runtime (sources = true)
2026.05.16 18:05:56 INFO  [INFO] Resolving artifact: org.springframework:spring-webmvc:jar:7.0.6:compile (sources = false)
2026.05.16 18:05:56 INFO  [INFO] SUCCESS: org.springframework:spring-webmvc:jar:7.0.6:compile (sources = false)
2026.05.16 18:05:56 INFO  [INFO] Resolving artifact: org.springframework:spring-webmvc:jar:7.0.6:compile (sources = true)
2026.05.16 18:05:56 INFO  Downloading from central: https://repo.maven.apache.org/maven2/org/springframework/spring-webmvc/7.0.6/spring-webmvc-7.0.6-sources.jar
2026.05.16 18:05:56 INFO  Progress (1): 7.7/857 kB
2026.05.16 18:05:56 INFO  Progress (1): 8.2/857 kB
2026.05.16 18:05:56 INFO  Progress (1): 25/857 kB 
2026.05.16 18:05:56 INFO  Progress (1): 41/857 kB
2026.05.16 18:05:56 INFO  Progress (1): 57/857 kB
2026.05.16 18:05:56 INFO  Progress (1): 74/857 kB
2026.05.16 18:05:56 INFO  Progress (1): 90/857 kB
2026.05.16 18:05:56 INFO  Progress (1): 106/857 kB
2026.05.16 18:05:56 INFO  Progress (1): 115/857 kB
2026.05.16 18:05:56 INFO  Progress (1): 131/857 kB
2026.05.16 18:05:56 INFO  Progress (1): 147/857 kB
2026.05.16 18:05:56 INFO  Progress (1): 164/857 kB
2026.05.16 18:05:56 INFO  Progress (1): 180/857 kB
2026.05.16 18:05:56 INFO  Progress (1): 197/857 kB
2026.05.16 18:05:56 INFO  Progress (1): 205/857 kB
2026.05.16 18:05:56 INFO  Progress (1): 213/857 kB
2026.05.16 18:05:56 INFO  Progress (1): 221/857 kB
2026.05.16 18:05:56 INFO  Progress (1): 238/857 kB
2026.05.16 18:05:56 INFO  Progress (1): 254/857 kB
2026.05.16 18:05:56 INFO  Progress (1): 262/857 kB
2026.05.16 18:05:56 INFO  Progress (1): 279/857 kB
2026.05.16 18:05:56 INFO  Progress (1): 295/857 kB
2026.05.16 18:05:56 INFO  Progress (1): 311/857 kB
2026.05.16 18:05:56 INFO  Progress (1): 328/857 kB
2026.05.16 18:05:56 INFO  Progress (1): 344/857 kB
2026.05.16 18:05:56 INFO  Progress (1): 360/857 kB
2026.05.16 18:05:56 INFO  Progress (1): 377/857 kB
2026.05.16 18:05:56 INFO  Progress (1): 393/857 kB
2026.05.16 18:05:56 INFO  Progress (1): 410/857 kB
2026.05.16 18:05:56 INFO  Progress (1): 426/857 kB
2026.05.16 18:05:56 INFO  Progress (1): 442/857 kB
2026.05.16 18:05:56 INFO  Progress (1): 459/857 kB
2026.05.16 18:05:56 INFO  Progress (1): 475/857 kB
2026.05.16 18:05:56 INFO  Progress (1): 492/857 kB
2026.05.16 18:05:56 INFO  Progress (1): 508/857 kB
2026.05.16 18:05:56 INFO  Progress (1): 524/857 kB
2026.05.16 18:05:56 INFO  Progress (1): 541/857 kB
2026.05.16 18:05:56 INFO  Progress (1): 557/857 kB
2026.05.16 18:05:56 INFO  Progress (1): 573/857 kB
2026.05.16 18:05:56 INFO  Progress (1): 590/857 kB
2026.05.16 18:05:56 INFO  Progress (1): 606/857 kB
2026.05.16 18:05:56 INFO  Progress (1): 623/857 kB
2026.05.16 18:05:56 INFO  Progress (1): 639/857 kB
2026.05.16 18:05:56 INFO  Progress (1): 655/857 kB
2026.05.16 18:05:56 INFO  Progress (1): 672/857 kB
2026.05.16 18:05:56 INFO  Progress (1): 688/857 kB
2026.05.16 18:05:56 INFO  Progress (1): 705/857 kB
2026.05.16 18:05:56 INFO  Progress (1): 721/857 kB
2026.05.16 18:05:56 INFO  Progress (1): 737/857 kB
2026.05.16 18:05:56 INFO  Progress (1): 754/857 kB
2026.05.16 18:05:56 INFO  Progress (1): 770/857 kB
2026.05.16 18:05:56 INFO  Progress (1): 786/857 kB
2026.05.16 18:05:56 INFO  Progress (1): 803/857 kB
2026.05.16 18:05:56 INFO  Progress (1): 819/857 kB
2026.05.16 18:05:56 INFO  Progress (1): 836/857 kB
2026.05.16 18:05:56 INFO  Progress (1): 852/857 kB
2026.05.16 18:05:56 INFO  Progress (1): 857 kB    
2026.05.16 18:05:56 INFO                      
2026.05.16 18:05:56 INFO  Downloaded from central: https://repo.maven.apache.org/maven2/org/springframework/spring-webmvc/7.0.6/spring-webmvc-7.0.6-sources.jar (857 kB at 3.6 MB/s)
2026.05.16 18:05:56 INFO  [INFO] SUCCESS: org.springframework:spring-webmvc:jar:7.0.6:compile (sources = true)
2026.05.16 18:05:56 INFO  [INFO] Resolving artifact: org.springframework.boot:spring-boot-starter-thymeleaf:jar:4.0.5:compile (sources = false)
2026.05.16 18:05:56 INFO  [INFO] SUCCESS: org.springframework.boot:spring-boot-starter-thymeleaf:jar:4.0.5:compile (sources = false)
2026.05.16 18:05:56 INFO  [INFO] Resolving artifact: org.springframework.boot:spring-boot-starter-thymeleaf:jar:4.0.5:compile (sources = true)
2026.05.16 18:05:56 INFO  Downloading from central: https://repo.maven.apache.org/maven2/org/springframework/boot/spring-boot-starter-thymeleaf/4.0.5/spring-boot-starter-thymeleaf-4.0.5-sources.jar
2026.05.16 18:05:56 INFO  Progress (1): 4.7 kB
2026.05.16 18:05:56 INFO                      
2026.05.16 18:05:56 INFO  Downloaded from central: https://repo.maven.apache.org/maven2/org/springframework/boot/spring-boot-starter-thymeleaf/4.0.5/spring-boot-starter-thymeleaf-4.0.5-sources.jar (4.7 kB at 37 kB/s)
2026.05.16 18:05:56 INFO  [INFO] SUCCESS: org.springframework.boot:spring-boot-starter-thymeleaf:jar:4.0.5:compile (sources = true)
2026.05.16 18:05:56 INFO  [INFO] Resolving artifact: org.apiguardian:apiguardian-api:jar:1.1.2:test (sources = false)
2026.05.16 18:05:56 INFO  [INFO] SUCCESS: org.apiguardian:apiguardian-api:jar:1.1.2:test (sources = false)
2026.05.16 18:05:56 INFO  [INFO] Resolving artifact: org.apiguardian:apiguardian-api:jar:1.1.2:test (sources = true)
2026.05.16 18:05:56 INFO  [INFO] SUCCESS: org.apiguardian:apiguardian-api:jar:1.1.2:test (sources = true)
2026.05.16 18:05:56 INFO  [INFO] Resolving artifact: org.springframework.boot:spring-boot-security:jar:4.0.5:compile (sources = false)
2026.05.16 18:05:56 INFO  [INFO] SUCCESS: org.springframework.boot:spring-boot-security:jar:4.0.5:compile (sources = false)
2026.05.16 18:05:56 INFO  [INFO] Resolving artifact: org.springframework.boot:spring-boot-security:jar:4.0.5:compile (sources = true)
2026.05.16 18:05:56 INFO  Downloading from central: https://repo.maven.apache.org/maven2/org/springframework/boot/spring-boot-security/4.0.5/spring-boot-security-4.0.5-sources.jar
2026.05.16 18:05:56 INFO  Progress (1): 7.7/57 kB
2026.05.16 18:05:56 INFO  Progress (1): 16/57 kB 
2026.05.16 18:05:56 INFO  Progress (1): 25/57 kB
2026.05.16 18:05:56 INFO  Progress (1): 41/57 kB
2026.05.16 18:05:56 INFO  Progress (1): 57 kB   
2026.05.16 18:05:56 INFO                     
2026.05.16 18:05:56 INFO  Downloaded from central: https://repo.maven.apache.org/maven2/org/springframework/boot/spring-boot-security/4.0.5/spring-boot-security-4.0.5-sources.jar (57 kB at 291 kB/s)
2026.05.16 18:05:56 INFO  [INFO] SUCCESS: org.springframework.boot:spring-boot-security:jar:4.0.5:compile (sources = true)
2026.05.16 18:05:56 INFO  [INFO] Resolving artifact: org.springframework.boot:spring-boot-jdbc:jar:4.0.5:compile (sources = false)
2026.05.16 18:05:56 INFO  [INFO] SUCCESS: org.springframework.boot:spring-boot-jdbc:jar:4.0.5:compile (sources = false)
2026.05.16 18:05:56 INFO  [INFO] Resolving artifact: org.springframework.boot:spring-boot-jdbc:jar:4.0.5:compile (sources = true)
2026.05.16 18:05:56 INFO  Downloading from central: https://repo.maven.apache.org/maven2/org/springframework/boot/spring-boot-jdbc/4.0.5/spring-boot-jdbc-4.0.5-sources.jar
2026.05.16 18:05:56 INFO  Progress (1): 7.7/116 kB
2026.05.16 18:05:56 INFO  Progress (1): 16/116 kB 
2026.05.16 18:05:56 INFO  Progress (1): 25/116 kB
2026.05.16 18:05:56 INFO  Progress (1): 41/116 kB
2026.05.16 18:05:56 INFO  Progress (1): 57/116 kB
2026.05.16 18:05:56 INFO  Progress (1): 74/116 kB
2026.05.16 18:05:56 INFO  Progress (1): 90/116 kB
2026.05.16 18:05:56 INFO  Progress (1): 106/116 kB
2026.05.16 18:05:56 INFO  Progress (1): 116 kB    
2026.05.16 18:05:57 INFO                      
2026.05.16 18:05:57 INFO  Downloaded from central: https://repo.maven.apache.org/maven2/org/springframework/boot/spring-boot-jdbc/4.0.5/spring-boot-jdbc-4.0.5-sources.jar (116 kB at 470 kB/s)
2026.05.16 18:05:57 INFO  [INFO] SUCCESS: org.springframework.boot:spring-boot-jdbc:jar:4.0.5:compile (sources = true)
2026.05.16 18:05:57 INFO  [INFO] Resolving artifact: com.mysql:mysql-connector-j:jar:9.6.0:runtime (sources = false)
2026.05.16 18:05:57 INFO  [INFO] SUCCESS: com.mysql:mysql-connector-j:jar:9.6.0:runtime (sources = false)
2026.05.16 18:05:57 INFO  [INFO] Resolving artifact: com.mysql:mysql-connector-j:jar:9.6.0:runtime (sources = true)
2026.05.16 18:05:57 INFO  Downloading from central: https://repo.maven.apache.org/maven2/com/mysql/mysql-connector-j/9.6.0/mysql-connector-j-9.6.0-sources.jar
2026.05.16 18:05:57 INFO  Progress (1): 0/1.8 MB
2026.05.16 18:05:57 INFO  Progress (1): 0/1.8 MB
2026.05.16 18:05:57 INFO  Progress (1): 0/1.8 MB
2026.05.16 18:05:57 INFO  Progress (1): 0/1.8 MB
2026.05.16 18:05:57 INFO  Progress (1): 0.1/1.8 MB
2026.05.16 18:05:57 INFO  Progress (1): 0.1/1.8 MB
2026.05.16 18:05:57 INFO  Progress (1): 0.1/1.8 MB
2026.05.16 18:05:57 INFO  Progress (1): 0.1/1.8 MB
2026.05.16 18:05:57 INFO  Progress (1): 0.1/1.8 MB
2026.05.16 18:05:57 INFO  Progress (1): 0.1/1.8 MB
2026.05.16 18:05:57 INFO  Progress (1): 0.1/1.8 MB
2026.05.16 18:05:57 INFO  Progress (1): 0.1/1.8 MB
2026.05.16 18:05:57 INFO  Progress (1): 0.2/1.8 MB
2026.05.16 18:05:57 INFO  Progress (1): 0.2/1.8 MB
2026.05.16 18:05:57 INFO  Progress (1): 0.2/1.8 MB
2026.05.16 18:05:57 INFO  Progress (1): 0.2/1.8 MB
2026.05.16 18:05:57 INFO  Progress (1): 0.2/1.8 MB
2026.05.16 18:05:57 INFO  Progress (1): 0.2/1.8 MB
2026.05.16 18:05:57 INFO  Progress (1): 0.2/1.8 MB
2026.05.16 18:05:57 INFO  Progress (1): 0.2/1.8 MB
2026.05.16 18:05:57 INFO  Progress (1): 0.3/1.8 MB
2026.05.16 18:05:57 INFO  Progress (1): 0.3/1.8 MB
2026.05.16 18:05:57 INFO  Progress (1): 0.3/1.8 MB
2026.05.16 18:05:57 INFO  Progress (1): 0.3/1.8 MB
2026.05.16 18:05:57 INFO  Progress (1): 0.3/1.8 MB
2026.05.16 18:05:57 INFO  Progress (1): 0.3/1.8 MB
2026.05.16 18:05:57 INFO  Progress (1): 0.3/1.8 MB
2026.05.16 18:05:57 INFO  Progress (1): 0.4/1.8 MB
2026.05.16 18:05:57 INFO  Progress (1): 0.4/1.8 MB
2026.05.16 18:05:57 INFO  Progress (1): 0.4/1.8 MB
2026.05.16 18:05:57 INFO  Progress (1): 0.4/1.8 MB
2026.05.16 18:05:57 INFO  Progress (1): 0.4/1.8 MB
2026.05.16 18:05:57 INFO  Progress (1): 0.4/1.8 MB
2026.05.16 18:05:57 INFO  Progress (1): 0.4/1.8 MB
2026.05.16 18:05:57 INFO  Progress (1): 0.5/1.8 MB
2026.05.16 18:05:57 INFO  Progress (1): 0.5/1.8 MB
2026.05.16 18:05:57 INFO  Progress (1): 0.5/1.8 MB
2026.05.16 18:05:57 INFO  Progress (1): 0.5/1.8 MB
2026.05.16 18:05:57 INFO  Progress (1): 0.5/1.8 MB
2026.05.16 18:05:57 INFO  Progress (1): 0.5/1.8 MB
2026.05.16 18:05:57 INFO  Progress (1): 0.6/1.8 MB
2026.05.16 18:05:57 INFO  Progress (1): 0.6/1.8 MB
2026.05.16 18:05:57 INFO  Progress (1): 0.6/1.8 MB
2026.05.16 18:05:57 INFO  Progress (1): 0.6/1.8 MB
2026.05.16 18:05:57 INFO  Progress (1): 0.6/1.8 MB
2026.05.16 18:05:57 INFO  Progress (1): 0.6/1.8 MB
2026.05.16 18:05:57 INFO  Progress (1): 0.7/1.8 MB
2026.05.16 18:05:57 INFO  Progress (1): 0.7/1.8 MB
2026.05.16 18:05:57 INFO  Progress (1): 0.7/1.8 MB
2026.05.16 18:05:57 INFO  Progress (1): 0.7/1.8 MB
2026.05.16 18:05:57 INFO  Progress (1): 0.7/1.8 MB
2026.05.16 18:05:57 INFO  Progress (1): 0.7/1.8 MB
2026.05.16 18:05:57 INFO  Progress (1): 0.8/1.8 MB
2026.05.16 18:05:57 INFO  Progress (1): 0.8/1.8 MB
2026.05.16 18:05:57 INFO  Progress (1): 0.8/1.8 MB
2026.05.16 18:05:57 INFO  Progress (1): 0.8/1.8 MB
2026.05.16 18:05:57 INFO  Progress (1): 0.8/1.8 MB
2026.05.16 18:05:57 INFO  Progress (1): 0.8/1.8 MB
2026.05.16 18:05:57 INFO  Progress (1): 0.9/1.8 MB
2026.05.16 18:05:57 INFO  Progress (1): 0.9/1.8 MB
2026.05.16 18:05:57 INFO  Progress (1): 0.9/1.8 MB
2026.05.16 18:05:57 INFO  Progress (1): 0.9/1.8 MB
2026.05.16 18:05:57 INFO  Progress (1): 0.9/1.8 MB
2026.05.16 18:05:57 INFO  Progress (1): 0.9/1.8 MB
2026.05.16 18:05:57 INFO  Progress (1): 1.0/1.8 MB
2026.05.16 18:05:57 INFO  Progress (1): 1.0/1.8 MB
2026.05.16 18:05:57 INFO  Progress (1): 1.0/1.8 MB
2026.05.16 18:05:57 INFO  Progress (1): 1.0/1.8 MB
2026.05.16 18:05:57 INFO  Progress (1): 1.0/1.8 MB
2026.05.16 18:05:57 INFO  Progress (1): 1.0/1.8 MB
2026.05.16 18:05:57 INFO  Progress (1): 1.0/1.8 MB
2026.05.16 18:05:57 INFO  Progress (1): 1.1/1.8 MB
2026.05.16 18:05:57 INFO  Progress (1): 1.1/1.8 MB
2026.05.16 18:05:57 INFO  Progress (1): 1.1/1.8 MB
2026.05.16 18:05:57 INFO  Progress (1): 1.1/1.8 MB
2026.05.16 18:05:57 INFO  Progress (1): 1.1/1.8 MB
2026.05.16 18:05:57 INFO  Progress (1): 1.1/1.8 MB
2026.05.16 18:05:57 INFO  Progress (1): 1.2/1.8 MB
2026.05.16 18:05:57 INFO  Progress (1): 1.2/1.8 MB
2026.05.16 18:05:57 INFO  Progress (1): 1.2/1.8 MB
2026.05.16 18:05:57 INFO  Progress (1): 1.2/1.8 MB
2026.05.16 18:05:57 INFO  Progress (1): 1.2/1.8 MB
2026.05.16 18:05:57 INFO  Progress (1): 1.2/1.8 MB
2026.05.16 18:05:57 INFO  Progress (1): 1.2/1.8 MB
2026.05.16 18:05:57 INFO  Progress (1): 1.3/1.8 MB
2026.05.16 18:05:57 INFO  Progress (1): 1.3/1.8 MB
2026.05.16 18:05:57 INFO  Progress (1): 1.3/1.8 MB
2026.05.16 18:05:57 INFO  Progress (1): 1.3/1.8 MB
2026.05.16 18:05:57 INFO  Progress (1): 1.3/1.8 MB
2026.05.16 18:05:57 INFO  Progress (1): 1.3/1.8 MB
2026.05.16 18:05:57 INFO  Progress (1): 1.4/1.8 MB
2026.05.16 18:05:57 INFO  Progress (1): 1.4/1.8 MB
2026.05.16 18:05:57 INFO  Progress (1): 1.4/1.8 MB
2026.05.16 18:05:57 INFO  Progress (1): 1.4/1.8 MB
2026.05.16 18:05:57 INFO  Progress (1): 1.4/1.8 MB
2026.05.16 18:05:57 INFO  Progress (1): 1.4/1.8 MB
2026.05.16 18:05:57 INFO  Progress (1): 1.5/1.8 MB
2026.05.16 18:05:57 INFO  Progress (1): 1.5/1.8 MB
2026.05.16 18:05:57 INFO  Progress (1): 1.5/1.8 MB
2026.05.16 18:05:57 INFO  Progress (1): 1.5/1.8 MB
2026.05.16 18:05:57 INFO  Progress (1): 1.5/1.8 MB
2026.05.16 18:05:57 INFO  Progress (1): 1.5/1.8 MB
2026.05.16 18:05:57 INFO  Progress (1): 1.6/1.8 MB
2026.05.16 18:05:57 INFO  Progress (1): 1.6/1.8 MB
2026.05.16 18:05:57 INFO  Progress (1): 1.6/1.8 MB
2026.05.16 18:05:57 INFO  Progress (1): 1.6/1.8 MB
2026.05.16 18:05:57 INFO  Progress (1): 1.6/1.8 MB
2026.05.16 18:05:57 INFO  Progress (1): 1.6/1.8 MB
2026.05.16 18:05:57 INFO  Progress (1): 1.7/1.8 MB
2026.05.16 18:05:57 INFO  Progress (1): 1.7/1.8 MB
2026.05.16 18:05:57 INFO  Progress (1): 1.7/1.8 MB
2026.05.16 18:05:57 INFO  Progress (1): 1.7/1.8 MB
2026.05.16 18:05:57 INFO  Progress (1): 1.7/1.8 MB
2026.05.16 18:05:57 INFO  Progress (1): 1.7/1.8 MB
2026.05.16 18:05:57 INFO  Progress (1): 1.8/1.8 MB
2026.05.16 18:05:57 INFO  Progress (1): 1.8/1.8 MB
2026.05.16 18:05:57 INFO  Progress (1): 1.8 MB    
2026.05.16 18:05:57 INFO                      
2026.05.16 18:05:57 INFO  Downloaded from central: https://repo.maven.apache.org/maven2/com/mysql/mysql-connector-j/9.6.0/mysql-connector-j-9.6.0-sources.jar (1.8 MB at 5.2 MB/s)
2026.05.16 18:05:57 INFO  [INFO] SUCCESS: com.mysql:mysql-connector-j:jar:9.6.0:runtime (sources = true)
2026.05.16 18:05:57 INFO  [INFO] Resolving artifact: org.springframework.boot:spring-boot-transaction:jar:4.0.5:compile (sources = false)
2026.05.16 18:05:57 INFO  [INFO] SUCCESS: org.springframework.boot:spring-boot-transaction:jar:4.0.5:compile (sources = false)
2026.05.16 18:05:57 INFO  [INFO] Resolving artifact: org.springframework.boot:spring-boot-transaction:jar:4.0.5:compile (sources = true)
2026.05.16 18:05:57 INFO  Downloading from central: https://repo.maven.apache.org/maven2/org/springframework/boot/spring-boot-transaction/4.0.5/spring-boot-transaction-4.0.5-sources.jar
2026.05.16 18:05:57 INFO  Progress (1): 7.7/16 kB
2026.05.16 18:05:57 INFO  Progress (1): 7.7/16 kB
2026.05.16 18:05:57 INFO  Progress (1): 16 kB    
2026.05.16 18:05:58 INFO                     
2026.05.16 18:05:58 INFO  Downloaded from central: https://repo.maven.apache.org/maven2/org/springframework/boot/spring-boot-transaction/4.0.5/spring-boot-transaction-4.0.5-sources.jar (16 kB at 19 kB/s)
2026.05.16 18:05:58 INFO  [INFO] SUCCESS: org.springframework.boot:spring-boot-transaction:jar:4.0.5:compile (sources = true)
2026.05.16 18:05:58 INFO  [INFO] Resolving artifact: org.junit.platform:junit-platform-engine:jar:6.0.3:test (sources = false)
2026.05.16 18:05:58 INFO  [INFO] SUCCESS: org.junit.platform:junit-platform-engine:jar:6.0.3:test (sources = false)
2026.05.16 18:05:58 INFO  [INFO] Resolving artifact: org.junit.platform:junit-platform-engine:jar:6.0.3:test (sources = true)
2026.05.16 18:05:58 INFO  Downloading from central: https://repo.maven.apache.org/maven2/org/junit/platform/junit-platform-engine/6.0.3/junit-platform-engine-6.0.3-sources.jar
2026.05.16 18:05:58 INFO  Progress (1): 7.7/175 kB
2026.05.16 18:05:58 INFO  Progress (1): 16/175 kB 
2026.05.16 18:05:58 INFO  Progress (1): 25/175 kB
2026.05.16 18:05:58 INFO  Progress (1): 41/175 kB
2026.05.16 18:05:58 INFO  Progress (1): 57/175 kB
2026.05.16 18:05:58 INFO  Progress (1): 74/175 kB
2026.05.16 18:05:58 INFO  Progress (1): 90/175 kB
2026.05.16 18:05:58 INFO  Progress (1): 106/175 kB
2026.05.16 18:05:58 INFO  Progress (1): 115/175 kB
2026.05.16 18:05:58 INFO  Progress (1): 131/175 kB
2026.05.16 18:05:58 INFO  Progress (1): 147/175 kB
2026.05.16 18:05:58 INFO  Progress (1): 164/175 kB
2026.05.16 18:05:58 INFO  Progress (1): 175 kB    
2026.05.16 18:05:58 INFO                      
2026.05.16 18:05:58 INFO  Downloaded from central: https://repo.maven.apache.org/maven2/org/junit/platform/junit-platform-engine/6.0.3/junit-platform-engine-6.0.3-sources.jar (175 kB at 1.1 MB/s)
2026.05.16 18:05:58 INFO  [INFO] SUCCESS: org.junit.platform:junit-platform-engine:jar:6.0.3:test (sources = true)
2026.05.16 18:05:58 INFO  [INFO] Resolving artifact: org.yaml:snakeyaml:jar:2.5:compile (sources = false)
2026.05.16 18:05:58 INFO  [INFO] SUCCESS: org.yaml:snakeyaml:jar:2.5:compile (sources = false)
2026.05.16 18:05:58 INFO  [INFO] Resolving artifact: org.yaml:snakeyaml:jar:2.5:compile (sources = true)
2026.05.16 18:05:58 INFO  Downloading from central: https://repo.maven.apache.org/maven2/org/yaml/snakeyaml/2.5/snakeyaml-2.5-sources.jar
2026.05.16 18:05:58 INFO  Progress (1): 7.7/210 kB
2026.05.16 18:05:58 INFO  Progress (1): 8.2/210 kB
2026.05.16 18:05:58 INFO  Progress (1): 25/210 kB 
2026.05.16 18:05:58 INFO  Progress (1): 41/210 kB
2026.05.16 18:05:58 INFO  Progress (1): 57/210 kB
2026.05.16 18:05:58 INFO  Progress (1): 74/210 kB
2026.05.16 18:05:58 INFO  Progress (1): 90/210 kB
2026.05.16 18:05:58 INFO  Progress (1): 106/210 kB
2026.05.16 18:05:58 INFO  Progress (1): 123/210 kB
2026.05.16 18:05:58 INFO  Progress (1): 131/210 kB
2026.05.16 18:05:58 INFO  Progress (1): 139/210 kB
2026.05.16 18:05:58 INFO  Progress (1): 156/210 kB
2026.05.16 18:05:58 INFO  Progress (1): 164/210 kB
2026.05.16 18:05:58 INFO  Progress (1): 180/210 kB
2026.05.16 18:05:58 INFO  Progress (1): 188/210 kB
2026.05.16 18:05:58 INFO  Progress (1): 197/210 kB
2026.05.16 18:05:58 INFO  Progress (1): 210 kB    
2026.05.16 18:05:58 INFO                      
2026.05.16 18:05:58 INFO  Downloaded from central: https://repo.maven.apache.org/maven2/org/yaml/snakeyaml/2.5/snakeyaml-2.5-sources.jar (210 kB at 2.4 MB/s)
2026.05.16 18:05:58 INFO  [INFO] SUCCESS: org.yaml:snakeyaml:jar:2.5:compile (sources = true)
2026.05.16 18:05:58 INFO  [INFO] Resolving artifact: org.eclipse.angus:angus-activation:jar:2.0.3:runtime (sources = false)
2026.05.16 18:05:58 INFO  [INFO] SUCCESS: org.eclipse.angus:angus-activation:jar:2.0.3:runtime (sources = false)
2026.05.16 18:05:58 INFO  [INFO] Resolving artifact: org.eclipse.angus:angus-activation:jar:2.0.3:runtime (sources = true)
2026.05.16 18:05:58 INFO  [INFO] SUCCESS: org.eclipse.angus:angus-activation:jar:2.0.3:runtime (sources = true)
2026.05.16 18:05:58 INFO  [INFO] Resolving artifact: com.vaadin.external.google:android-json:jar:0.0.20131108.vaadin1:test (sources = false)
2026.05.16 18:05:58 INFO  [INFO] SUCCESS: com.vaadin.external.google:android-json:jar:0.0.20131108.vaadin1:test (sources = false)
2026.05.16 18:05:58 INFO  [INFO] Resolving artifact: com.vaadin.external.google:android-json:jar:0.0.20131108.vaadin1:test (sources = true)
2026.05.16 18:05:58 INFO  [INFO] SUCCESS: com.vaadin.external.google:android-json:jar:0.0.20131108.vaadin1:test (sources = true)
2026.05.16 18:05:58 INFO  [INFO] Resolving artifact: net.bytebuddy:byte-buddy-agent:jar:1.17.8:test (sources = false)
2026.05.16 18:05:58 INFO  [INFO] SUCCESS: net.bytebuddy:byte-buddy-agent:jar:1.17.8:test (sources = false)
2026.05.16 18:05:58 INFO  [INFO] Resolving artifact: net.bytebuddy:byte-buddy-agent:jar:1.17.8:test (sources = true)
2026.05.16 18:05:58 INFO  [INFO] SUCCESS: net.bytebuddy:byte-buddy-agent:jar:1.17.8:test (sources = true)
2026.05.16 18:05:58 INFO  [INFO] Generated .bloop\demo.json
2026.05.16 18:05:58 INFO  [INFO] Resolving artifact: com.jayway.jsonpath:json-path:jar:2.10.0:test (sources = false)
2026.05.16 18:05:58 INFO  [INFO] SUCCESS: com.jayway.jsonpath:json-path:jar:2.10.0:test (sources = false)
2026.05.16 18:05:58 INFO  [INFO] Resolving artifact: com.jayway.jsonpath:json-path:jar:2.10.0:test (sources = true)
2026.05.16 18:05:58 INFO  [INFO] SUCCESS: com.jayway.jsonpath:json-path:jar:2.10.0:test (sources = true)
2026.05.16 18:05:58 INFO  [INFO] Resolving artifact: org.hamcrest:hamcrest:jar:3.0:test (sources = false)
2026.05.16 18:05:58 INFO  [INFO] SUCCESS: org.hamcrest:hamcrest:jar:3.0:test (sources = false)
2026.05.16 18:05:58 INFO  [INFO] Resolving artifact: org.hamcrest:hamcrest:jar:3.0:test (sources = true)
2026.05.16 18:05:58 INFO  [INFO] SUCCESS: org.hamcrest:hamcrest:jar:3.0:test (sources = true)
2026.05.16 18:05:58 INFO  [INFO] Resolving artifact: org.springframework.boot:spring-boot-starter:jar:4.0.5:compile (sources = false)
2026.05.16 18:05:58 INFO  [INFO] SUCCESS: org.springframework.boot:spring-boot-starter:jar:4.0.5:compile (sources = false)
2026.05.16 18:05:58 INFO  [INFO] Resolving artifact: org.springframework.boot:spring-boot-starter:jar:4.0.5:compile (sources = true)
2026.05.16 18:05:58 INFO  [INFO] SUCCESS: org.springframework.boot:spring-boot-starter:jar:4.0.5:compile (sources = true)
2026.05.16 18:05:58 INFO  [INFO] Resolving artifact: org.springframework.boot:spring-boot-sql:jar:4.0.5:compile (sources = false)
2026.05.16 18:05:58 INFO  [INFO] SUCCESS: org.springframework.boot:spring-boot-sql:jar:4.0.5:compile (sources = false)
2026.05.16 18:05:58 INFO  [INFO] Resolving artifact: org.springframework.boot:spring-boot-sql:jar:4.0.5:compile (sources = true)
2026.05.16 18:05:58 INFO  [INFO] SUCCESS: org.springframework.boot:spring-boot-sql:jar:4.0.5:compile (sources = true)
2026.05.16 18:05:58 INFO  [INFO] Resolving artifact: com.sun.istack:istack-commons-runtime:jar:4.1.2:runtime (sources = false)
2026.05.16 18:05:58 INFO  [INFO] SUCCESS: com.sun.istack:istack-commons-runtime:jar:4.1.2:runtime (sources = false)
2026.05.16 18:05:58 INFO  [INFO] Resolving artifact: com.sun.istack:istack-commons-runtime:jar:4.1.2:runtime (sources = true)
2026.05.16 18:05:58 INFO  [INFO] SUCCESS: com.sun.istack:istack-commons-runtime:jar:4.1.2:runtime (sources = true)
2026.05.16 18:05:58 INFO  [INFO] Resolving artifact: io.micrometer:micrometer-commons:jar:1.16.4:compile (sources = false)
2026.05.16 18:05:58 INFO  [INFO] SUCCESS: io.micrometer:micrometer-commons:jar:1.16.4:compile (sources = false)
2026.05.16 18:05:58 INFO  [INFO] Resolving artifact: io.micrometer:micrometer-commons:jar:1.16.4:compile (sources = true)
2026.05.16 18:05:58 INFO  [INFO] SUCCESS: io.micrometer:micrometer-commons:jar:1.16.4:compile (sources = true)
2026.05.16 18:05:58 INFO  [INFO] Resolving artifact: org.slf4j:slf4j-api:jar:2.0.17:compile (sources = false)
2026.05.16 18:05:58 INFO  [INFO] SUCCESS: org.slf4j:slf4j-api:jar:2.0.17:compile (sources = false)
2026.05.16 18:05:58 INFO  [INFO] Resolving artifact: org.slf4j:slf4j-api:jar:2.0.17:compile (sources = true)
2026.05.16 18:05:58 INFO  [INFO] SUCCESS: org.slf4j:slf4j-api:jar:2.0.17:compile (sources = true)
2026.05.16 18:05:58 INFO  [INFO] Resolving artifact: org.jspecify:jspecify:jar:1.0.0:compile (sources = false)
2026.05.16 18:05:58 INFO  [INFO] SUCCESS: org.jspecify:jspecify:jar:1.0.0:compile (sources = false)
2026.05.16 18:05:58 INFO  [INFO] Resolving artifact: org.jspecify:jspecify:jar:1.0.0:compile (sources = true)
2026.05.16 18:05:58 INFO  [INFO] SUCCESS: org.jspecify:jspecify:jar:1.0.0:compile (sources = true)
2026.05.16 18:05:58 INFO  [INFO] Resolving artifact: com.fasterxml.jackson.core:jackson-annotations:jar:2.21:compile (sources = false)
2026.05.16 18:05:58 INFO  [INFO] SUCCESS: com.fasterxml.jackson.core:jackson-annotations:jar:2.21:compile (sources = false)
2026.05.16 18:05:58 INFO  [INFO] Resolving artifact: com.fasterxml.jackson.core:jackson-annotations:jar:2.21:compile (sources = true)
2026.05.16 18:05:58 INFO  [INFO] SUCCESS: com.fasterxml.jackson.core:jackson-annotations:jar:2.21:compile (sources = true)
2026.05.16 18:05:58 INFO  [INFO] Resolving artifact: org.springframework.security:spring-security-crypto:jar:7.0.4:compile (sources = false)
2026.05.16 18:05:58 INFO  [INFO] SUCCESS: org.springframework.security:spring-security-crypto:jar:7.0.4:compile (sources = false)
2026.05.16 18:05:58 INFO  [INFO] Resolving artifact: org.springframework.security:spring-security-crypto:jar:7.0.4:compile (sources = true)
2026.05.16 18:05:58 INFO  [INFO] SUCCESS: org.springframework.security:spring-security-crypto:jar:7.0.4:compile (sources = true)
2026.05.16 18:05:58 INFO  [INFO] Resolving artifact: org.springframework.boot:spring-boot-data-jpa:jar:4.0.5:compile (sources = false)
2026.05.16 18:05:58 INFO  [INFO] SUCCESS: org.springframework.boot:spring-boot-data-jpa:jar:4.0.5:compile (sources = false)
2026.05.16 18:05:58 INFO  [INFO] Resolving artifact: org.springframework.boot:spring-boot-data-jpa:jar:4.0.5:compile (sources = true)
2026.05.16 18:05:58 INFO  [INFO] SUCCESS: org.springframework.boot:spring-boot-data-jpa:jar:4.0.5:compile (sources = true)
2026.05.16 18:05:58 INFO  [INFO] Resolving artifact: org.jboss.logging:jboss-logging:jar:3.6.3.Final:runtime (sources = false)
2026.05.16 18:05:58 INFO  [INFO] SUCCESS: org.jboss.logging:jboss-logging:jar:3.6.3.Final:runtime (sources = false)
2026.05.16 18:05:58 INFO  [INFO] Resolving artifact: org.jboss.logging:jboss-logging:jar:3.6.3.Final:runtime (sources = true)
2026.05.16 18:05:58 INFO  [INFO] SUCCESS: org.jboss.logging:jboss-logging:jar:3.6.3.Final:runtime (sources = true)
2026.05.16 18:05:58 INFO  [INFO] Resolving artifact: org.springframework.boot:spring-boot-starter-data-jpa:jar:4.0.5:compile (sources = false)
2026.05.16 18:05:58 INFO  [INFO] SUCCESS: org.springframework.boot:spring-boot-starter-data-jpa:jar:4.0.5:compile (sources = false)
2026.05.16 18:05:58 INFO  [INFO] Resolving artifact: org.springframework.boot:spring-boot-starter-data-jpa:jar:4.0.5:compile (sources = true)
2026.05.16 18:05:58 INFO  [INFO] SUCCESS: org.springframework.boot:spring-boot-starter-data-jpa:jar:4.0.5:compile (sources = true)
2026.05.16 18:05:58 INFO  [INFO] Resolving artifact: org.springframework:spring-orm:jar:7.0.6:compile (sources = false)
2026.05.16 18:05:58 INFO  [INFO] SUCCESS: org.springframework:spring-orm:jar:7.0.6:compile (sources = false)
2026.05.16 18:05:58 INFO  [INFO] Resolving artifact: org.springframework:spring-orm:jar:7.0.6:compile (sources = true)
2026.05.16 18:05:58 INFO  [INFO] SUCCESS: org.springframework:spring-orm:jar:7.0.6:compile (sources = true)
2026.05.16 18:05:58 INFO  [INFO] Resolving artifact: org.apache.tomcat.embed:tomcat-embed-el:jar:11.0.20:compile (sources = false)
2026.05.16 18:05:58 INFO  [INFO] SUCCESS: org.apache.tomcat.embed:tomcat-embed-el:jar:11.0.20:compile (sources = false)
2026.05.16 18:05:58 INFO  [INFO] Resolving artifact: org.apache.tomcat.embed:tomcat-embed-el:jar:11.0.20:compile (sources = true)
2026.05.16 18:05:58 INFO  [INFO] SUCCESS: org.apache.tomcat.embed:tomcat-embed-el:jar:11.0.20:compile (sources = true)
2026.05.16 18:05:58 INFO  [INFO] Resolving artifact: org.mockito:mockito-junit-jupiter:jar:5.20.0:test (sources = false)
2026.05.16 18:05:58 INFO  [INFO] SUCCESS: org.mockito:mockito-junit-jupiter:jar:5.20.0:test (sources = false)
2026.05.16 18:05:58 INFO  [INFO] Resolving artifact: org.mockito:mockito-junit-jupiter:jar:5.20.0:test (sources = true)
2026.05.16 18:05:58 INFO  [INFO] SUCCESS: org.mockito:mockito-junit-jupiter:jar:5.20.0:test (sources = true)
2026.05.16 18:05:58 INFO  [INFO] Resolving artifact: org.springframework:spring-test:jar:7.0.6:test (sources = false)
2026.05.16 18:05:58 INFO  [INFO] SUCCESS: org.springframework:spring-test:jar:7.0.6:test (sources = false)
2026.05.16 18:05:58 INFO  [INFO] Resolving artifact: org.springframework:spring-test:jar:7.0.6:test (sources = true)
2026.05.16 18:05:58 INFO  [INFO] SUCCESS: org.springframework:spring-test:jar:7.0.6:test (sources = true)
2026.05.16 18:05:58 INFO  [INFO] Resolving artifact: org.assertj:assertj-core:jar:3.27.7:test (sources = false)
2026.05.16 18:05:58 INFO  [INFO] SUCCESS: org.assertj:assertj-core:jar:3.27.7:test (sources = false)
2026.05.16 18:05:58 INFO  [INFO] Resolving artifact: org.assertj:assertj-core:jar:3.27.7:test (sources = true)
2026.05.16 18:05:58 INFO  [INFO] SUCCESS: org.assertj:assertj-core:jar:3.27.7:test (sources = true)
2026.05.16 18:05:58 INFO  [INFO] Resolving artifact: org.springframework:spring-context:jar:7.0.6:compile (sources = false)
2026.05.16 18:05:58 INFO  [INFO] SUCCESS: org.springframework:spring-context:jar:7.0.6:compile (sources = false)
2026.05.16 18:05:58 INFO  [INFO] Resolving artifact: org.springframework:spring-context:jar:7.0.6:compile (sources = true)
2026.05.16 18:05:58 INFO  [INFO] SUCCESS: org.springframework:spring-context:jar:7.0.6:compile (sources = true)
2026.05.16 18:05:58 INFO  [INFO] Resolving artifact: org.springframework.boot:spring-boot-webmvc:jar:4.0.5:compile (sources = false)
2026.05.16 18:05:58 INFO  [INFO] SUCCESS: org.springframework.boot:spring-boot-webmvc:jar:4.0.5:compile (sources = false)
2026.05.16 18:05:58 INFO  [INFO] Resolving artifact: org.springframework.boot:spring-boot-webmvc:jar:4.0.5:compile (sources = true)
2026.05.16 18:05:58 INFO  [INFO] SUCCESS: org.springframework.boot:spring-boot-webmvc:jar:4.0.5:compile (sources = true)
2026.05.16 18:05:58 INFO  [INFO] Resolving artifact: org.thymeleaf:thymeleaf:jar:3.1.3.RELEASE:compile (sources = false)
2026.05.16 18:05:58 INFO  [INFO] SUCCESS: org.thymeleaf:thymeleaf:jar:3.1.3.RELEASE:compile (sources = false)
2026.05.16 18:05:58 INFO  [INFO] Resolving artifact: org.thymeleaf:thymeleaf:jar:3.1.3.RELEASE:compile (sources = true)
2026.05.16 18:05:58 INFO  [INFO] SUCCESS: org.thymeleaf:thymeleaf:jar:3.1.3.RELEASE:compile (sources = true)
2026.05.16 18:05:58 INFO  [INFO] Resolving artifact: org.slf4j:jul-to-slf4j:jar:2.0.17:compile (sources = false)
2026.05.16 18:05:58 INFO  [INFO] SUCCESS: org.slf4j:jul-to-slf4j:jar:2.0.17:compile (sources = false)
2026.05.16 18:05:58 INFO  [INFO] Resolving artifact: org.slf4j:jul-to-slf4j:jar:2.0.17:compile (sources = true)
2026.05.16 18:05:58 INFO  [INFO] SUCCESS: org.slf4j:jul-to-slf4j:jar:2.0.17:compile (sources = true)
2026.05.16 18:05:58 INFO  [INFO] Resolving artifact: org.hibernate.orm:hibernate-core:jar:7.2.7.Final:compile (sources = false)
2026.05.16 18:05:58 INFO  [INFO] SUCCESS: org.hibernate.orm:hibernate-core:jar:7.2.7.Final:compile (sources = false)
2026.05.16 18:05:58 INFO  [INFO] Resolving artifact: org.hibernate.orm:hibernate-core:jar:7.2.7.Final:compile (sources = true)
2026.05.16 18:05:59 INFO  [INFO] SUCCESS: org.hibernate.orm:hibernate-core:jar:7.2.7.Final:compile (sources = true)
2026.05.16 18:05:59 INFO  [INFO] Resolving artifact: com.zaxxer:HikariCP:jar:7.0.2:compile (sources = false)
2026.05.16 18:05:59 INFO  [INFO] SUCCESS: com.zaxxer:HikariCP:jar:7.0.2:compile (sources = false)
2026.05.16 18:05:59 INFO  [INFO] Resolving artifact: com.zaxxer:HikariCP:jar:7.0.2:compile (sources = true)
2026.05.16 18:05:59 INFO  [INFO] SUCCESS: com.zaxxer:HikariCP:jar:7.0.2:compile (sources = true)
2026.05.16 18:05:59 INFO  [INFO] Resolving artifact: tools.jackson.core:jackson-databind:jar:3.1.0:compile (sources = false)
2026.05.16 18:05:59 INFO  [INFO] SUCCESS: tools.jackson.core:jackson-databind:jar:3.1.0:compile (sources = false)
2026.05.16 18:05:59 INFO  [INFO] Resolving artifact: tools.jackson.core:jackson-databind:jar:3.1.0:compile (sources = true)
2026.05.16 18:05:59 INFO  [INFO] SUCCESS: tools.jackson.core:jackson-databind:jar:3.1.0:compile (sources = true)
2026.05.16 18:05:59 INFO  [INFO] Resolving artifact: org.antlr:antlr4-runtime:jar:4.13.2:compile (sources = false)
2026.05.16 18:05:59 INFO  [INFO] SUCCESS: org.antlr:antlr4-runtime:jar:4.13.2:compile (sources = false)
2026.05.16 18:05:59 INFO  [INFO] Resolving artifact: org.antlr:antlr4-runtime:jar:4.13.2:compile (sources = true)
2026.05.16 18:05:59 INFO  [INFO] SUCCESS: org.antlr:antlr4-runtime:jar:4.13.2:compile (sources = true)
2026.05.16 18:05:59 INFO  [INFO] Resolving artifact: io.micrometer:micrometer-observation:jar:1.16.4:compile (sources = false)
2026.05.16 18:05:59 INFO  [INFO] SUCCESS: io.micrometer:micrometer-observation:jar:1.16.4:compile (sources = false)
2026.05.16 18:05:59 INFO  [INFO] Resolving artifact: io.micrometer:micrometer-observation:jar:1.16.4:compile (sources = true)
2026.05.16 18:05:59 INFO  [INFO] SUCCESS: io.micrometer:micrometer-observation:jar:1.16.4:compile (sources = true)
2026.05.16 18:05:59 INFO  [INFO] Resolving artifact: org.opentest4j:opentest4j:jar:1.3.0:test (sources = false)
2026.05.16 18:05:59 INFO  [INFO] SUCCESS: org.opentest4j:opentest4j:jar:1.3.0:test (sources = false)
2026.05.16 18:05:59 INFO  [INFO] Resolving artifact: org.opentest4j:opentest4j:jar:1.3.0:test (sources = true)
2026.05.16 18:05:59 INFO  [INFO] SUCCESS: org.opentest4j:opentest4j:jar:1.3.0:test (sources = true)
2026.05.16 18:05:59 INFO  [INFO] Resolving artifact: org.springframework.boot:spring-boot-starter-test:jar:4.0.5:test (sources = false)
2026.05.16 18:05:59 INFO  [INFO] SUCCESS: org.springframework.boot:spring-boot-starter-test:jar:4.0.5:test (sources = false)
2026.05.16 18:05:59 INFO  [INFO] Resolving artifact: org.springframework.boot:spring-boot-starter-test:jar:4.0.5:test (sources = true)
2026.05.16 18:05:59 INFO  [INFO] SUCCESS: org.springframework.boot:spring-boot-starter-test:jar:4.0.5:test (sources = true)
2026.05.16 18:05:59 INFO  [INFO] Resolving artifact: org.springframework.boot:spring-boot-test:jar:4.0.5:test (sources = false)
2026.05.16 18:05:59 INFO  [INFO] SUCCESS: org.springframework.boot:spring-boot-test:jar:4.0.5:test (sources = false)
2026.05.16 18:05:59 INFO  [INFO] Resolving artifact: org.springframework.boot:spring-boot-test:jar:4.0.5:test (sources = true)
2026.05.16 18:05:59 INFO  [INFO] SUCCESS: org.springframework.boot:spring-boot-test:jar:4.0.5:test (sources = true)
2026.05.16 18:05:59 INFO  [INFO] Resolving artifact: org.apache.logging.log4j:log4j-to-slf4j:jar:2.25.3:compile (sources = false)
2026.05.16 18:05:59 INFO  [INFO] SUCCESS: org.apache.logging.log4j:log4j-to-slf4j:jar:2.25.3:compile (sources = false)
2026.05.16 18:05:59 INFO  [INFO] Resolving artifact: org.apache.logging.log4j:log4j-to-slf4j:jar:2.25.3:compile (sources = true)
2026.05.16 18:05:59 INFO  [INFO] SUCCESS: org.apache.logging.log4j:log4j-to-slf4j:jar:2.25.3:compile (sources = true)
2026.05.16 18:05:59 INFO  [INFO] Resolving artifact: org.springframework.boot:spring-boot-starter-tomcat:jar:4.0.5:compile (sources = false)
2026.05.16 18:05:59 INFO  [INFO] SUCCESS: org.springframework.boot:spring-boot-starter-tomcat:jar:4.0.5:compile (sources = false)
2026.05.16 18:05:59 INFO  [INFO] Resolving artifact: org.springframework.boot:spring-boot-starter-tomcat:jar:4.0.5:compile (sources = true)
2026.05.16 18:05:59 INFO  [INFO] SUCCESS: org.springframework.boot:spring-boot-starter-tomcat:jar:4.0.5:compile (sources = true)
2026.05.16 18:05:59 INFO  [INFO] Resolving artifact: org.junit.jupiter:junit-jupiter:jar:6.0.3:test (sources = false)
2026.05.16 18:05:59 INFO  [INFO] SUCCESS: org.junit.jupiter:junit-jupiter:jar:6.0.3:test (sources = false)
2026.05.16 18:05:59 INFO  [INFO] Resolving artifact: org.junit.jupiter:junit-jupiter:jar:6.0.3:test (sources = true)
2026.05.16 18:05:59 INFO  [INFO] SUCCESS: org.junit.jupiter:junit-jupiter:jar:6.0.3:test (sources = true)
2026.05.16 18:05:59 INFO  [INFO] Resolving artifact: org.springframework.data:spring-data-jpa:jar:4.0.4:compile (sources = false)
2026.05.16 18:05:59 INFO  [INFO] SUCCESS: org.springframework.data:spring-data-jpa:jar:4.0.4:compile (sources = false)
2026.05.16 18:05:59 INFO  [INFO] Resolving artifact: org.springframework.data:spring-data-jpa:jar:4.0.4:compile (sources = true)
2026.05.16 18:05:59 INFO  [INFO] SUCCESS: org.springframework.data:spring-data-jpa:jar:4.0.4:compile (sources = true)
2026.05.16 18:05:59 INFO  [INFO] Resolving artifact: jakarta.transaction:jakarta.transaction-api:jar:2.0.1:compile (sources = false)
2026.05.16 18:05:59 INFO  [INFO] SUCCESS: jakarta.transaction:jakarta.transaction-api:jar:2.0.1:compile (sources = false)
2026.05.16 18:05:59 INFO  [INFO] Resolving artifact: jakarta.transaction:jakarta.transaction-api:jar:2.0.1:compile (sources = true)
2026.05.16 18:05:59 INFO  [INFO] SUCCESS: jakarta.transaction:jakarta.transaction-api:jar:2.0.1:compile (sources = true)
2026.05.16 18:05:59 INFO  [INFO] Resolving artifact: org.springframework.boot:spring-boot-jackson:jar:4.0.5:compile (sources = false)
2026.05.16 18:05:59 INFO  [INFO] SUCCESS: org.springframework.boot:spring-boot-jackson:jar:4.0.5:compile (sources = false)
2026.05.16 18:05:59 INFO  [INFO] Resolving artifact: org.springframework.boot:spring-boot-jackson:jar:4.0.5:compile (sources = true)
2026.05.16 18:05:59 INFO  [INFO] SUCCESS: org.springframework.boot:spring-boot-jackson:jar:4.0.5:compile (sources = true)
2026.05.16 18:05:59 INFO  [INFO] Resolving artifact: tools.jackson.core:jackson-core:jar:3.1.0:compile (sources = false)
2026.05.16 18:05:59 INFO  [INFO] SUCCESS: tools.jackson.core:jackson-core:jar:3.1.0:compile (sources = false)
2026.05.16 18:05:59 INFO  [INFO] Resolving artifact: tools.jackson.core:jackson-core:jar:3.1.0:compile (sources = true)
2026.05.16 18:05:59 INFO  [INFO] SUCCESS: tools.jackson.core:jackson-core:jar:3.1.0:compile (sources = true)
2026.05.16 18:05:59 INFO  [INFO] Resolving artifact: jakarta.persistence:jakarta.persistence-api:jar:3.2.0:compile (sources = false)
2026.05.16 18:05:59 INFO  [INFO] SUCCESS: jakarta.persistence:jakarta.persistence-api:jar:3.2.0:compile (sources = false)
2026.05.16 18:05:59 INFO  [INFO] Resolving artifact: jakarta.persistence:jakarta.persistence-api:jar:3.2.0:compile (sources = true)
2026.05.16 18:05:59 INFO  [INFO] SUCCESS: jakarta.persistence:jakarta.persistence-api:jar:3.2.0:compile (sources = true)
2026.05.16 18:05:59 INFO  [INFO] Resolving artifact: org.awaitility:awaitility:jar:4.3.0:test (sources = false)
2026.05.16 18:05:59 INFO  [INFO] SUCCESS: org.awaitility:awaitility:jar:4.3.0:test (sources = false)
2026.05.16 18:05:59 INFO  [INFO] Resolving artifact: org.awaitility:awaitility:jar:4.3.0:test (sources = true)
2026.05.16 18:05:59 INFO  [INFO] SUCCESS: org.awaitility:awaitility:jar:4.3.0:test (sources = true)
2026.05.16 18:05:59 INFO  [INFO] Resolving artifact: org.springframework.boot:spring-boot-devtools:jar:4.0.5:runtime (sources = false)
2026.05.16 18:05:59 INFO  [INFO] SUCCESS: org.springframework.boot:spring-boot-devtools:jar:4.0.5:runtime (sources = false)
2026.05.16 18:05:59 INFO  [INFO] Resolving artifact: org.springframework.boot:spring-boot-devtools:jar:4.0.5:runtime (sources = true)
2026.05.16 18:05:59 INFO  [INFO] SUCCESS: org.springframework.boot:spring-boot-devtools:jar:4.0.5:runtime (sources = true)
2026.05.16 18:05:59 INFO  [INFO] Resolving artifact: org.springframework.boot:spring-boot-thymeleaf:jar:4.0.5:compile (sources = false)
2026.05.16 18:05:59 INFO  [INFO] SUCCESS: org.springframework.boot:spring-boot-thymeleaf:jar:4.0.5:compile (sources = false)
2026.05.16 18:05:59 INFO  [INFO] Resolving artifact: org.springframework.boot:spring-boot-thymeleaf:jar:4.0.5:compile (sources = true)
2026.05.16 18:05:59 INFO  [INFO] SUCCESS: org.springframework.boot:spring-boot-thymeleaf:jar:4.0.5:compile (sources = true)
2026.05.16 18:05:59 INFO  [INFO] Resolving artifact: org.springframework.security:spring-security-test:jar:7.0.4:test (sources = false)
2026.05.16 18:05:59 INFO  [INFO] SUCCESS: org.springframework.security:spring-security-test:jar:7.0.4:test (sources = false)
2026.05.16 18:05:59 INFO  [INFO] Resolving artifact: org.springframework.security:spring-security-test:jar:7.0.4:test (sources = true)
2026.05.16 18:05:59 INFO  [INFO] SUCCESS: org.springframework.security:spring-security-test:jar:7.0.4:test (sources = true)
2026.05.16 18:05:59 INFO  [INFO] Resolving artifact: org.aspectj:aspectjweaver:jar:1.9.25.1:compile (sources = false)
2026.05.16 18:05:59 INFO  [INFO] SUCCESS: org.aspectj:aspectjweaver:jar:1.9.25.1:compile (sources = false)
2026.05.16 18:05:59 INFO  [INFO] Resolving artifact: org.aspectj:aspectjweaver:jar:1.9.25.1:compile (sources = true)
2026.05.16 18:05:59 INFO  [INFO] SUCCESS: org.aspectj:aspectjweaver:jar:1.9.25.1:compile (sources = true)
2026.05.16 18:05:59 INFO  [INFO] Resolving artifact: org.thymeleaf:thymeleaf-spring6:jar:3.1.3.RELEASE:compile (sources = false)
2026.05.16 18:05:59 INFO  [INFO] SUCCESS: org.thymeleaf:thymeleaf-spring6:jar:3.1.3.RELEASE:compile (sources = false)
2026.05.16 18:05:59 INFO  [INFO] Resolving artifact: org.thymeleaf:thymeleaf-spring6:jar:3.1.3.RELEASE:compile (sources = true)
2026.05.16 18:05:59 INFO  [INFO] SUCCESS: org.thymeleaf:thymeleaf-spring6:jar:3.1.3.RELEASE:compile (sources = true)
2026.05.16 18:05:59 INFO  [INFO] Resolving artifact: org.springframework.boot:spring-boot-starter-security:jar:4.0.5:compile (sources = false)
2026.05.16 18:05:59 INFO  [INFO] SUCCESS: org.springframework.boot:spring-boot-starter-security:jar:4.0.5:compile (sources = false)
2026.05.16 18:05:59 INFO  [INFO] Resolving artifact: org.springframework.boot:spring-boot-starter-security:jar:4.0.5:compile (sources = true)
2026.05.16 18:05:59 INFO  [INFO] SUCCESS: org.springframework.boot:spring-boot-starter-security:jar:4.0.5:compile (sources = true)
2026.05.16 18:05:59 INFO  [INFO] Resolving artifact: org.springframework.security:spring-security-config:jar:7.0.4:compile (sources = false)
2026.05.16 18:05:59 INFO  [INFO] SUCCESS: org.springframework.security:spring-security-config:jar:7.0.4:compile (sources = false)
2026.05.16 18:05:59 INFO  [INFO] Resolving artifact: org.springframework.security:spring-security-config:jar:7.0.4:compile (sources = true)
2026.05.16 18:05:59 INFO  [INFO] SUCCESS: org.springframework.security:spring-security-config:jar:7.0.4:compile (sources = true)
2026.05.16 18:05:59 INFO  [INFO] Resolving artifact: net.minidev:json-smart:jar:2.6.0:test (sources = false)
2026.05.16 18:05:59 INFO  [INFO] SUCCESS: net.minidev:json-smart:jar:2.6.0:test (sources = false)
2026.05.16 18:05:59 INFO  [INFO] Resolving artifact: net.minidev:json-smart:jar:2.6.0:test (sources = true)
2026.05.16 18:05:59 INFO  [INFO] SUCCESS: net.minidev:json-smart:jar:2.6.0:test (sources = true)
2026.05.16 18:05:59 INFO  [INFO] Resolving artifact: org.springframework.boot:spring-boot-hibernate:jar:4.0.5:compile (sources = false)
2026.05.16 18:05:59 INFO  [INFO] SUCCESS: org.springframework.boot:spring-boot-hibernate:jar:4.0.5:compile (sources = false)
2026.05.16 18:05:59 INFO  [INFO] Resolving artifact: org.springframework.boot:spring-boot-hibernate:jar:4.0.5:compile (sources = true)
2026.05.16 18:05:59 INFO  [INFO] SUCCESS: org.springframework.boot:spring-boot-hibernate:jar:4.0.5:compile (sources = true)
2026.05.16 18:05:59 INFO  [INFO] Resolving artifact: org.glassfish.jaxb:jaxb-runtime:jar:4.0.6:runtime (sources = false)
2026.05.16 18:05:59 INFO  [INFO] SUCCESS: org.glassfish.jaxb:jaxb-runtime:jar:4.0.6:runtime (sources = false)
2026.05.16 18:05:59 INFO  [INFO] Resolving artifact: org.glassfish.jaxb:jaxb-runtime:jar:4.0.6:runtime (sources = true)
2026.05.16 18:05:59 INFO  [INFO] SUCCESS: org.glassfish.jaxb:jaxb-runtime:jar:4.0.6:runtime (sources = true)
2026.05.16 18:05:59 INFO  [INFO] Resolving artifact: org.springframework.boot:spring-boot-tomcat:jar:4.0.5:compile (sources = false)
2026.05.16 18:05:59 INFO  [INFO] SUCCESS: org.springframework.boot:spring-boot-tomcat:jar:4.0.5:compile (sources = false)
2026.05.16 18:05:59 INFO  [INFO] Resolving artifact: org.springframework.boot:spring-boot-tomcat:jar:4.0.5:compile (sources = true)
2026.05.16 18:05:59 INFO  [INFO] SUCCESS: org.springframework.boot:spring-boot-tomcat:jar:4.0.5:compile (sources = true)
2026.05.16 18:05:59 INFO  [INFO] Resolving artifact: org.springframework.boot:spring-boot-persistence:jar:4.0.5:compile (sources = false)
2026.05.16 18:05:59 INFO  [INFO] SUCCESS: org.springframework.boot:spring-boot-persistence:jar:4.0.5:compile (sources = false)
2026.05.16 18:05:59 INFO  [INFO] Resolving artifact: org.springframework.boot:spring-boot-persistence:jar:4.0.5:compile (sources = true)
2026.05.16 18:05:59 INFO  [INFO] SUCCESS: org.springframework.boot:spring-boot-persistence:jar:4.0.5:compile (sources = true)
2026.05.16 18:05:59 INFO  [INFO] Resolving artifact: org.junit.jupiter:junit-jupiter-engine:jar:6.0.3:test (sources = false)
2026.05.16 18:05:59 INFO  [INFO] SUCCESS: org.junit.jupiter:junit-jupiter-engine:jar:6.0.3:test (sources = false)
2026.05.16 18:05:59 INFO  [INFO] Resolving artifact: org.junit.jupiter:junit-jupiter-engine:jar:6.0.3:test (sources = true)
2026.05.16 18:05:59 INFO  [INFO] SUCCESS: org.junit.jupiter:junit-jupiter-engine:jar:6.0.3:test (sources = true)
2026.05.16 18:05:59 INFO  [INFO] Resolving artifact: com.fasterxml:classmate:jar:1.7.3:runtime (sources = false)
2026.05.16 18:05:59 INFO  [INFO] SUCCESS: com.fasterxml:classmate:jar:1.7.3:runtime (sources = false)
2026.05.16 18:05:59 INFO  [INFO] Resolving artifact: com.fasterxml:classmate:jar:1.7.3:runtime (sources = true)
2026.05.16 18:06:00 INFO  [INFO] SUCCESS: com.fasterxml:classmate:jar:1.7.3:runtime (sources = true)
2026.05.16 18:06:00 INFO  [INFO] Resolving artifact: org.springframework.boot:spring-boot-starter-logging:jar:4.0.5:compile (sources = false)
2026.05.16 18:06:02 INFO  [INFO] SUCCESS: org.springframework.boot:spring-boot-starter-logging:jar:4.0.5:compile (sources = false)
2026.05.16 18:06:02 INFO  [INFO] Resolving artifact: org.springframework.boot:spring-boot-starter-logging:jar:4.0.5:compile (sources = true)
2026.05.16 18:06:02 INFO  [INFO] SUCCESS: org.springframework.boot:spring-boot-starter-logging:jar:4.0.5:compile (sources = true)
2026.05.16 18:06:02 INFO  [INFO] Resolving artifact: org.springframework.security:spring-security-core:jar:7.0.4:compile (sources = false)
2026.05.16 18:06:02 INFO  [INFO] SUCCESS: org.springframework.security:spring-security-core:jar:7.0.4:compile (sources = false)
2026.05.16 18:06:02 INFO  [INFO] Resolving artifact: org.springframework.security:spring-security-core:jar:7.0.4:compile (sources = true)
2026.05.16 18:06:02 INFO  [INFO] SUCCESS: org.springframework.security:spring-security-core:jar:7.0.4:compile (sources = true)
2026.05.16 18:06:02 INFO  [INFO] Resolving artifact: net.minidev:accessors-smart:jar:2.6.0:test (sources = false)
2026.05.16 18:06:02 INFO  [INFO] SUCCESS: net.minidev:accessors-smart:jar:2.6.0:test (sources = false)
2026.05.16 18:06:02 INFO  [INFO] Resolving artifact: net.minidev:accessors-smart:jar:2.6.0:test (sources = true)
2026.05.16 18:06:02 INFO  [INFO] SUCCESS: net.minidev:accessors-smart:jar:2.6.0:test (sources = true)
2026.05.16 18:06:02 INFO  [INFO] Resolving artifact: org.springframework.boot:spring-boot-autoconfigure:jar:4.0.5:compile (sources = false)
2026.05.16 18:06:02 INFO  [INFO] SUCCESS: org.springframework.boot:spring-boot-autoconfigure:jar:4.0.5:compile (sources = false)
2026.05.16 18:06:02 INFO  [INFO] Resolving artifact: org.springframework.boot:spring-boot-autoconfigure:jar:4.0.5:compile (sources = true)
2026.05.16 18:06:02 INFO  [INFO] SUCCESS: org.springframework.boot:spring-boot-autoconfigure:jar:4.0.5:compile (sources = true)
2026.05.16 18:06:02 INFO  [INFO] Resolving artifact: org.springframework.boot:spring-boot-servlet:jar:4.0.5:compile (sources = false)
2026.05.16 18:06:02 INFO  [INFO] SUCCESS: org.springframework.boot:spring-boot-servlet:jar:4.0.5:compile (sources = false)
2026.05.16 18:06:02 INFO  [INFO] Resolving artifact: org.springframework.boot:spring-boot-servlet:jar:4.0.5:compile (sources = true)
2026.05.16 18:06:02 INFO  [INFO] SUCCESS: org.springframework.boot:spring-boot-servlet:jar:4.0.5:compile (sources = true)
2026.05.16 18:06:02 INFO  [INFO] Resolving artifact: org.junit.jupiter:junit-jupiter-params:jar:6.0.3:test (sources = false)
2026.05.16 18:06:02 INFO  [INFO] SUCCESS: org.junit.jupiter:junit-jupiter-params:jar:6.0.3:test (sources = false)
2026.05.16 18:06:02 INFO  [INFO] Resolving artifact: org.junit.jupiter:junit-jupiter-params:jar:6.0.3:test (sources = true)
2026.05.16 18:06:02 INFO  [INFO] SUCCESS: org.junit.jupiter:junit-jupiter-params:jar:6.0.3:test (sources = true)
2026.05.16 18:06:02 INFO  [INFO] Resolving artifact: org.springframework.data:spring-data-commons:jar:4.0.4:compile (sources = false)
2026.05.16 18:06:02 INFO  [INFO] SUCCESS: org.springframework.data:spring-data-commons:jar:4.0.4:compile (sources = false)
2026.05.16 18:06:02 INFO  [INFO] Resolving artifact: org.springframework.data:spring-data-commons:jar:4.0.4:compile (sources = true)
2026.05.16 18:06:02 INFO  [INFO] SUCCESS: org.springframework.data:spring-data-commons:jar:4.0.4:compile (sources = true)
2026.05.16 18:06:02 INFO  [INFO] Resolving artifact: org.springframework:spring-aop:jar:7.0.6:compile (sources = false)
2026.05.16 18:06:02 INFO  [INFO] SUCCESS: org.springframework:spring-aop:jar:7.0.6:compile (sources = false)
2026.05.16 18:06:02 INFO  [INFO] Resolving artifact: org.springframework:spring-aop:jar:7.0.6:compile (sources = true)
2026.05.16 18:06:02 INFO  [INFO] SUCCESS: org.springframework:spring-aop:jar:7.0.6:compile (sources = true)
2026.05.16 18:06:02 INFO  [INFO] Resolving artifact: jakarta.xml.bind:jakarta.xml.bind-api:jar:4.0.4:runtime (sources = false)
2026.05.16 18:06:02 INFO  [INFO] SUCCESS: jakarta.xml.bind:jakarta.xml.bind-api:jar:4.0.4:runtime (sources = false)
2026.05.16 18:06:02 INFO  [INFO] Resolving artifact: jakarta.xml.bind:jakarta.xml.bind-api:jar:4.0.4:runtime (sources = true)
2026.05.16 18:06:02 INFO  [INFO] SUCCESS: jakarta.xml.bind:jakarta.xml.bind-api:jar:4.0.4:runtime (sources = true)
2026.05.16 18:06:02 INFO  [INFO] Resolving artifact: org.springframework.boot:spring-boot-jpa:jar:4.0.5:compile (sources = false)
2026.05.16 18:06:02 INFO  [INFO] SUCCESS: org.springframework.boot:spring-boot-jpa:jar:4.0.5:compile (sources = false)
2026.05.16 18:06:02 INFO  [INFO] Resolving artifact: org.springframework.boot:spring-boot-jpa:jar:4.0.5:compile (sources = true)
2026.05.16 18:06:02 INFO  [INFO] SUCCESS: org.springframework.boot:spring-boot-jpa:jar:4.0.5:compile (sources = true)
2026.05.16 18:06:02 INFO  [INFO] Resolving artifact: org.mockito:mockito-core:jar:5.20.0:test (sources = false)
2026.05.16 18:06:02 INFO  [INFO] SUCCESS: org.mockito:mockito-core:jar:5.20.0:test (sources = false)
2026.05.16 18:06:02 INFO  [INFO] Resolving artifact: org.mockito:mockito-core:jar:5.20.0:test (sources = true)
2026.05.16 18:06:02 INFO  [INFO] SUCCESS: org.mockito:mockito-core:jar:5.20.0:test (sources = true)
2026.05.16 18:06:02 INFO  [INFO] Resolving artifact: org.objenesis:objenesis:jar:3.3:test (sources = false)
2026.05.16 18:06:02 INFO  [INFO] SUCCESS: org.objenesis:objenesis:jar:3.3:test (sources = false)
2026.05.16 18:06:02 INFO  [INFO] Resolving artifact: org.objenesis:objenesis:jar:3.3:test (sources = true)
2026.05.16 18:06:02 INFO  [INFO] SUCCESS: org.objenesis:objenesis:jar:3.3:test (sources = true)
2026.05.16 18:06:02 INFO  [INFO] Resolving artifact: org.springframework.boot:spring-boot-starter-jdbc:jar:4.0.5:compile (sources = false)
2026.05.16 18:06:02 INFO  [INFO] SUCCESS: org.springframework.boot:spring-boot-starter-jdbc:jar:4.0.5:compile (sources = false)
2026.05.16 18:06:02 INFO  [INFO] Resolving artifact: org.springframework.boot:spring-boot-starter-jdbc:jar:4.0.5:compile (sources = true)
2026.05.16 18:06:02 INFO  [INFO] SUCCESS: org.springframework.boot:spring-boot-starter-jdbc:jar:4.0.5:compile (sources = true)
2026.05.16 18:06:02 INFO  [INFO] Resolving artifact: org.apache.logging.log4j:log4j-api:jar:2.25.3:compile (sources = false)
2026.05.16 18:06:03 INFO  [INFO] SUCCESS: org.apache.logging.log4j:log4j-api:jar:2.25.3:compile (sources = false)
2026.05.16 18:06:03 INFO  [INFO] Resolving artifact: org.apache.logging.log4j:log4j-api:jar:2.25.3:compile (sources = true)
2026.05.16 18:06:03 INFO  [INFO] SUCCESS: org.apache.logging.log4j:log4j-api:jar:2.25.3:compile (sources = true)
2026.05.16 18:06:03 INFO  [INFO] Resolving artifact: org.springframework:spring-expression:jar:7.0.6:compile (sources = false)
2026.05.16 18:06:03 INFO  [INFO] SUCCESS: org.springframework:spring-expression:jar:7.0.6:compile (sources = false)
2026.05.16 18:06:03 INFO  [INFO] Resolving artifact: org.springframework:spring-expression:jar:7.0.6:compile (sources = true)
2026.05.16 18:06:03 INFO  [INFO] SUCCESS: org.springframework:spring-expression:jar:7.0.6:compile (sources = true)
2026.05.16 18:06:03 INFO  [INFO] Resolving artifact: ch.qos.logback:logback-core:jar:1.5.32:compile (sources = false)
2026.05.16 18:06:03 INFO  [INFO] SUCCESS: ch.qos.logback:logback-core:jar:1.5.32:compile (sources = false)
2026.05.16 18:06:03 INFO  [INFO] Resolving artifact: ch.qos.logback:logback-core:jar:1.5.32:compile (sources = true)
2026.05.16 18:06:03 INFO  [INFO] SUCCESS: ch.qos.logback:logback-core:jar:1.5.32:compile (sources = true)
2026.05.16 18:06:03 INFO  [INFO] Resolving artifact: org.springframework:spring-web:jar:7.0.6:compile (sources = false)
2026.05.16 18:06:03 INFO  [INFO] SUCCESS: org.springframework:spring-web:jar:7.0.6:compile (sources = false)
2026.05.16 18:06:03 INFO  [INFO] Resolving artifact: org.springframework:spring-web:jar:7.0.6:compile (sources = true)
2026.05.16 18:06:03 INFO  [INFO] SUCCESS: org.springframework:spring-web:jar:7.0.6:compile (sources = true)
2026.05.16 18:06:03 INFO  [INFO] Resolving artifact: org.springframework:spring-beans:jar:7.0.6:compile (sources = false)
2026.05.16 18:06:03 INFO  [INFO] SUCCESS: org.springframework:spring-beans:jar:7.0.6:compile (sources = false)
2026.05.16 18:06:03 INFO  [INFO] Resolving artifact: org.springframework:spring-beans:jar:7.0.6:compile (sources = true)
2026.05.16 18:06:03 INFO  [INFO] SUCCESS: org.springframework:spring-beans:jar:7.0.6:compile (sources = true)
2026.05.16 18:06:03 INFO  [INFO] Resolving artifact: org.springframework:spring-aspects:jar:7.0.6:compile (sources = false)
2026.05.16 18:06:03 INFO  [INFO] SUCCESS: org.springframework:spring-aspects:jar:7.0.6:compile (sources = false)
2026.05.16 18:06:03 INFO  [INFO] Resolving artifact: org.springframework:spring-aspects:jar:7.0.6:compile (sources = true)
2026.05.16 18:06:03 INFO  [INFO] SUCCESS: org.springframework:spring-aspects:jar:7.0.6:compile (sources = true)
2026.05.16 18:06:03 INFO  [INFO] Resolving artifact: org.springframework:spring-core:jar:7.0.6:compile (sources = false)
2026.05.16 18:06:03 INFO  [INFO] SUCCESS: org.springframework:spring-core:jar:7.0.6:compile (sources = false)
2026.05.16 18:06:03 INFO  [INFO] Resolving artifact: org.springframework:spring-core:jar:7.0.6:compile (sources = true)
2026.05.16 18:06:03 INFO  [INFO] SUCCESS: org.springframework:spring-core:jar:7.0.6:compile (sources = true)
2026.05.16 18:06:03 INFO  [INFO] Resolving artifact: org.hibernate.models:hibernate-models:jar:1.0.1:runtime (sources = false)
2026.05.16 18:06:03 INFO  [INFO] SUCCESS: org.hibernate.models:hibernate-models:jar:1.0.1:runtime (sources = false)
2026.05.16 18:06:03 INFO  [INFO] Resolving artifact: org.hibernate.models:hibernate-models:jar:1.0.1:runtime (sources = true)
2026.05.16 18:06:03 INFO  [INFO] SUCCESS: org.hibernate.models:hibernate-models:jar:1.0.1:runtime (sources = true)
2026.05.16 18:06:03 INFO  [INFO] Resolving artifact: org.springframework.security:spring-security-web:jar:7.0.4:compile (sources = false)
2026.05.16 18:06:03 INFO  [INFO] SUCCESS: org.springframework.security:spring-security-web:jar:7.0.4:compile (sources = false)
2026.05.16 18:06:03 INFO  [INFO] Resolving artifact: org.springframework.security:spring-security-web:jar:7.0.4:compile (sources = true)
2026.05.16 18:06:03 INFO  [INFO] SUCCESS: org.springframework.security:spring-security-web:jar:7.0.4:compile (sources = true)
2026.05.16 18:06:03 INFO  [INFO] Resolving artifact: org.ow2.asm:asm:jar:9.7.1:test (sources = false)
2026.05.16 18:06:03 INFO  [INFO] SUCCESS: org.ow2.asm:asm:jar:9.7.1:test (sources = false)
2026.05.16 18:06:03 INFO  [INFO] Resolving artifact: org.ow2.asm:asm:jar:9.7.1:test (sources = true)
2026.05.16 18:06:03 INFO  [INFO] SUCCESS: org.ow2.asm:asm:jar:9.7.1:test (sources = true)
2026.05.16 18:06:03 INFO  [INFO] Resolving artifact: org.springframework.boot:spring-boot-test-autoconfigure:jar:4.0.5:test (sources = false)
2026.05.16 18:06:03 INFO  [INFO] SUCCESS: org.springframework.boot:spring-boot-test-autoconfigure:jar:4.0.5:test (sources = false)
2026.05.16 18:06:03 INFO  [INFO] Resolving artifact: org.springframework.boot:spring-boot-test-autoconfigure:jar:4.0.5:test (sources = true)
2026.05.16 18:06:03 INFO  [INFO] SUCCESS: org.springframework.boot:spring-boot-test-autoconfigure:jar:4.0.5:test (sources = true)
2026.05.16 18:06:03 INFO  [INFO] Resolving artifact: org.springframework:spring-jdbc:jar:7.0.6:compile (sources = false)
2026.05.16 18:06:03 INFO  [INFO] SUCCESS: org.springframework:spring-jdbc:jar:7.0.6:compile (sources = false)
2026.05.16 18:06:03 INFO  [INFO] Resolving artifact: org.springframework:spring-jdbc:jar:7.0.6:compile (sources = true)
2026.05.16 18:06:03 INFO  [INFO] SUCCESS: org.springframework:spring-jdbc:jar:7.0.6:compile (sources = true)
2026.05.16 18:06:03 INFO  [INFO] Resolving artifact: org.apache.tomcat.embed:tomcat-embed-websocket:jar:11.0.20:compile (sources = false)
2026.05.16 18:06:03 INFO  [INFO] SUCCESS: org.apache.tomcat.embed:tomcat-embed-websocket:jar:11.0.20:compile (sources = false)
2026.05.16 18:06:03 INFO  [INFO] Resolving artifact: org.apache.tomcat.embed:tomcat-embed-websocket:jar:11.0.20:compile (sources = true)
2026.05.16 18:06:03 INFO  [INFO] SUCCESS: org.apache.tomcat.embed:tomcat-embed-websocket:jar:11.0.20:compile (sources = true)
2026.05.16 18:06:03 INFO  [INFO] Resolving artifact: commons-logging:commons-logging:jar:1.3.6:compile (sources = false)
2026.05.16 18:06:03 INFO  [INFO] SUCCESS: commons-logging:commons-logging:jar:1.3.6:compile (sources = false)
2026.05.16 18:06:03 INFO  [INFO] Resolving artifact: commons-logging:commons-logging:jar:1.3.6:compile (sources = true)
2026.05.16 18:06:03 INFO  [INFO] SUCCESS: commons-logging:commons-logging:jar:1.3.6:compile (sources = true)
2026.05.16 18:06:03 INFO  [INFO] Resolving artifact: org.springframework.boot:spring-boot-http-converter:jar:4.0.5:compile (sources = false)
2026.05.16 18:06:03 INFO  [INFO] SUCCESS: org.springframework.boot:spring-boot-http-converter:jar:4.0.5:compile (sources = false)
2026.05.16 18:06:03 INFO  [INFO] Resolving artifact: org.springframework.boot:spring-boot-http-converter:jar:4.0.5:compile (sources = true)
2026.05.16 18:06:03 INFO  [INFO] SUCCESS: org.springframework.boot:spring-boot-http-converter:jar:4.0.5:compile (sources = true)
2026.05.16 18:06:03 INFO  [INFO] Resolving artifact: org.springframework.boot:spring-boot-data-commons:jar:4.0.5:compile (sources = false)
2026.05.16 18:06:03 INFO  [INFO] SUCCESS: org.springframework.boot:spring-boot-data-commons:jar:4.0.5:compile (sources = false)
2026.05.16 18:06:03 INFO  [INFO] Resolving artifact: org.springframework.boot:spring-boot-data-commons:jar:4.0.5:compile (sources = true)
2026.05.16 18:06:03 INFO  [INFO] SUCCESS: org.springframework.boot:spring-boot-data-commons:jar:4.0.5:compile (sources = true)
2026.05.16 18:06:03 INFO  [INFO] Resolving artifact: org.apache.tomcat.embed:tomcat-embed-core:jar:11.0.20:compile (sources = false)
2026.05.16 18:06:03 INFO  [INFO] SUCCESS: org.apache.tomcat.embed:tomcat-embed-core:jar:11.0.20:compile (sources = false)
2026.05.16 18:06:03 INFO  [INFO] Resolving artifact: org.apache.tomcat.embed:tomcat-embed-core:jar:11.0.20:compile (sources = true)
2026.05.16 18:06:03 INFO  [INFO] SUCCESS: org.apache.tomcat.embed:tomcat-embed-core:jar:11.0.20:compile (sources = true)
2026.05.16 18:06:03 INFO  [INFO] Resolving artifact: ch.qos.logback:logback-classic:jar:1.5.32:compile (sources = false)
2026.05.16 18:06:03 INFO  [INFO] SUCCESS: ch.qos.logback:logback-classic:jar:1.5.32:compile (sources = false)
2026.05.16 18:06:03 INFO  [INFO] Resolving artifact: ch.qos.logback:logback-classic:jar:1.5.32:compile (sources = true)
2026.05.16 18:06:03 INFO  [INFO] SUCCESS: ch.qos.logback:logback-classic:jar:1.5.32:compile (sources = true)
2026.05.16 18:06:03 INFO  [INFO] Resolving artifact: org.junit.jupiter:junit-jupiter-api:jar:6.0.3:test (sources = false)
2026.05.16 18:06:03 INFO  [INFO] SUCCESS: org.junit.jupiter:junit-jupiter-api:jar:6.0.3:test (sources = false)
2026.05.16 18:06:03 INFO  [INFO] Resolving artifact: org.junit.jupiter:junit-jupiter-api:jar:6.0.3:test (sources = true)
2026.05.16 18:06:03 INFO  [INFO] SUCCESS: org.junit.jupiter:junit-jupiter-api:jar:6.0.3:test (sources = true)
2026.05.16 18:06:03 INFO  [INFO] Resolving artifact: org.attoparser:attoparser:jar:2.0.7.RELEASE:compile (sources = false)
2026.05.16 18:06:03 INFO  [INFO] SUCCESS: org.attoparser:attoparser:jar:2.0.7.RELEASE:compile (sources = false)
2026.05.16 18:06:03 INFO  [INFO] Resolving artifact: org.attoparser:attoparser:jar:2.0.7.RELEASE:compile (sources = true)
2026.05.16 18:06:03 INFO  [INFO] SUCCESS: org.attoparser:attoparser:jar:2.0.7.RELEASE:compile (sources = true)
2026.05.16 18:06:03 INFO  [INFO] Resolving artifact: org.skyscreamer:jsonassert:jar:1.5.3:test (sources = false)
2026.05.16 18:06:03 INFO  [INFO] SUCCESS: org.skyscreamer:jsonassert:jar:1.5.3:test (sources = false)
2026.05.16 18:06:03 INFO  [INFO] Resolving artifact: org.skyscreamer:jsonassert:jar:1.5.3:test (sources = true)
2026.05.16 18:06:03 INFO  [INFO] SUCCESS: org.skyscreamer:jsonassert:jar:1.5.3:test (sources = true)
2026.05.16 18:06:03 INFO  [INFO] Resolving artifact: org.glassfish.jaxb:jaxb-core:jar:4.0.6:runtime (sources = false)
2026.05.16 18:06:03 INFO  [INFO] SUCCESS: org.glassfish.jaxb:jaxb-core:jar:4.0.6:runtime (sources = false)
2026.05.16 18:06:03 INFO  [INFO] Resolving artifact: org.glassfish.jaxb:jaxb-core:jar:4.0.6:runtime (sources = true)
2026.05.16 18:06:03 INFO  [INFO] SUCCESS: org.glassfish.jaxb:jaxb-core:jar:4.0.6:runtime (sources = true)
2026.05.16 18:06:03 INFO  [INFO] Resolving artifact: org.springframework.boot:spring-boot:jar:4.0.5:compile (sources = false)
2026.05.16 18:06:03 INFO  [INFO] SUCCESS: org.springframework.boot:spring-boot:jar:4.0.5:compile (sources = false)
2026.05.16 18:06:03 INFO  [INFO] Resolving artifact: org.springframework.boot:spring-boot:jar:4.0.5:compile (sources = true)
2026.05.16 18:06:03 INFO  [INFO] SUCCESS: org.springframework.boot:spring-boot:jar:4.0.5:compile (sources = true)
2026.05.16 18:06:03 INFO  [INFO] Resolving artifact: jakarta.annotation:jakarta.annotation-api:jar:3.0.0:compile (sources = false)
2026.05.16 18:06:03 INFO  [INFO] SUCCESS: jakarta.annotation:jakarta.annotation-api:jar:3.0.0:compile (sources = false)
2026.05.16 18:06:03 INFO  [INFO] Resolving artifact: jakarta.annotation:jakarta.annotation-api:jar:3.0.0:compile (sources = true)
2026.05.16 18:06:03 INFO  [INFO] SUCCESS: jakarta.annotation:jakarta.annotation-api:jar:3.0.0:compile (sources = true)
2026.05.16 18:06:03 INFO  [INFO] Resolving artifact: org.glassfish.jaxb:txw2:jar:4.0.6:runtime (sources = false)
2026.05.16 18:06:03 INFO  [INFO] SUCCESS: org.glassfish.jaxb:txw2:jar:4.0.6:runtime (sources = false)
2026.05.16 18:06:03 INFO  [INFO] Resolving artifact: org.glassfish.jaxb:txw2:jar:4.0.6:runtime (sources = true)
2026.05.16 18:06:03 INFO  [INFO] SUCCESS: org.glassfish.jaxb:txw2:jar:4.0.6:runtime (sources = true)
2026.05.16 18:06:03 INFO  [INFO] Resolving artifact: org.xmlunit:xmlunit-core:jar:2.10.4:test (sources = false)
2026.05.16 18:06:03 INFO  [INFO] SUCCESS: org.xmlunit:xmlunit-core:jar:2.10.4:test (sources = false)
2026.05.16 18:06:03 INFO  [INFO] Resolving artifact: org.xmlunit:xmlunit-core:jar:2.10.4:test (sources = true)
2026.05.16 18:06:03 INFO  [INFO] SUCCESS: org.xmlunit:xmlunit-core:jar:2.10.4:test (sources = true)
2026.05.16 18:06:03 INFO  [INFO] Resolving artifact: org.junit.platform:junit-platform-commons:jar:6.0.3:test (sources = false)
2026.05.16 18:06:03 INFO  [INFO] SUCCESS: org.junit.platform:junit-platform-commons:jar:6.0.3:test (sources = false)
2026.05.16 18:06:03 INFO  [INFO] Resolving artifact: org.junit.platform:junit-platform-commons:jar:6.0.3:test (sources = true)
2026.05.16 18:06:03 INFO  [INFO] SUCCESS: org.junit.platform:junit-platform-commons:jar:6.0.3:test (sources = true)
2026.05.16 18:06:03 INFO  [INFO] Resolving artifact: jakarta.inject:jakarta.inject-api:jar:2.0.1:runtime (sources = false)
2026.05.16 18:06:03 INFO  [INFO] SUCCESS: jakarta.inject:jakarta.inject-api:jar:2.0.1:runtime (sources = false)
2026.05.16 18:06:03 INFO  [INFO] Resolving artifact: jakarta.inject:jakarta.inject-api:jar:2.0.1:runtime (sources = true)
2026.05.16 18:06:03 INFO  [INFO] SUCCESS: jakarta.inject:jakarta.inject-api:jar:2.0.1:runtime (sources = true)
2026.05.16 18:06:03 INFO  [INFO] Resolving artifact: org.springframework.boot:spring-boot-starter-jackson:jar:4.0.5:compile (sources = false)
2026.05.16 18:06:03 INFO  [INFO] SUCCESS: org.springframework.boot:spring-boot-starter-jackson:jar:4.0.5:compile (sources = false)
2026.05.16 18:06:03 INFO  [INFO] Resolving artifact: org.springframework.boot:spring-boot-starter-jackson:jar:4.0.5:compile (sources = true)
2026.05.16 18:06:03 INFO  [INFO] SUCCESS: org.springframework.boot:spring-boot-starter-jackson:jar:4.0.5:compile (sources = true)
2026.05.16 18:06:03 INFO  [INFO] Resolving artifact: org.springframework:spring-tx:jar:7.0.6:compile (sources = false)
2026.05.16 18:06:03 INFO  [INFO] SUCCESS: org.springframework:spring-tx:jar:7.0.6:compile (sources = false)
2026.05.16 18:06:03 INFO  [INFO] Resolving artifact: org.springframework:spring-tx:jar:7.0.6:compile (sources = true)
2026.05.16 18:06:03 INFO  [INFO] SUCCESS: org.springframework:spring-tx:jar:7.0.6:compile (sources = true)
2026.05.16 18:06:03 INFO  [INFO] Resolving artifact: org.unbescape:unbescape:jar:1.1.6.RELEASE:compile (sources = false)
2026.05.16 18:06:04 INFO  [INFO] SUCCESS: org.unbescape:unbescape:jar:1.1.6.RELEASE:compile (sources = false)
2026.05.16 18:06:04 INFO  [INFO] Resolving artifact: org.unbescape:unbescape:jar:1.1.6.RELEASE:compile (sources = true)
2026.05.16 18:06:04 INFO  [INFO] SUCCESS: org.unbescape:unbescape:jar:1.1.6.RELEASE:compile (sources = true)
2026.05.16 18:06:04 INFO  [INFO] Resolving artifact: org.springframework.boot:spring-boot-starter-tomcat-runtime:jar:4.0.5:compile (sources = false)
2026.05.16 18:06:04 INFO  [INFO] SUCCESS: org.springframework.boot:spring-boot-starter-tomcat-runtime:jar:4.0.5:compile (sources = false)
2026.05.16 18:06:04 INFO  [INFO] Resolving artifact: org.springframework.boot:spring-boot-starter-tomcat-runtime:jar:4.0.5:compile (sources = true)
2026.05.16 18:06:04 INFO  [INFO] SUCCESS: org.springframework.boot:spring-boot-starter-tomcat-runtime:jar:4.0.5:compile (sources = true)
2026.05.16 18:06:04 INFO  [INFO] Resolving artifact: org.springframework.boot:spring-boot-starter-web:jar:4.0.5:compile (sources = false)
2026.05.16 18:06:04 INFO  [INFO] SUCCESS: org.springframework.boot:spring-boot-starter-web:jar:4.0.5:compile (sources = false)
2026.05.16 18:06:04 INFO  [INFO] Resolving artifact: org.springframework.boot:spring-boot-starter-web:jar:4.0.5:compile (sources = true)
2026.05.16 18:06:04 INFO  [INFO] SUCCESS: org.springframework.boot:spring-boot-starter-web:jar:4.0.5:compile (sources = true)
2026.05.16 18:06:04 INFO  [INFO] Resolving artifact: org.thymeleaf.extras:thymeleaf-extras-springsecurity6:jar:3.1.3.RELEASE:compile (sources = false)
2026.05.16 18:06:04 INFO  [INFO] SUCCESS: org.thymeleaf.extras:thymeleaf-extras-springsecurity6:jar:3.1.3.RELEASE:compile (sources = false)
2026.05.16 18:06:04 INFO  [INFO] Resolving artifact: org.thymeleaf.extras:thymeleaf-extras-springsecurity6:jar:3.1.3.RELEASE:compile (sources = true)
2026.05.16 18:06:04 INFO  [INFO] SUCCESS: org.thymeleaf.extras:thymeleaf-extras-springsecurity6:jar:3.1.3.RELEASE:compile (sources = true)
2026.05.16 18:06:04 INFO  [INFO] Resolving artifact: net.bytebuddy:byte-buddy:jar:1.17.8:runtime (sources = false)
2026.05.16 18:06:04 INFO  [INFO] SUCCESS: net.bytebuddy:byte-buddy:jar:1.17.8:runtime (sources = false)
2026.05.16 18:06:04 INFO  [INFO] Resolving artifact: net.bytebuddy:byte-buddy:jar:1.17.8:runtime (sources = true)
2026.05.16 18:06:04 INFO  [INFO] SUCCESS: net.bytebuddy:byte-buddy:jar:1.17.8:runtime (sources = true)
2026.05.16 18:06:04 INFO  [INFO] Resolving artifact: org.springframework.boot:spring-boot-web-server:jar:4.0.5:compile (sources = false)
2026.05.16 18:06:04 INFO  [INFO] SUCCESS: org.springframework.boot:spring-boot-web-server:jar:4.0.5:compile (sources = false)
2026.05.16 18:06:04 INFO  [INFO] Resolving artifact: org.springframework.boot:spring-boot-web-server:jar:4.0.5:compile (sources = true)
2026.05.16 18:06:04 INFO  [INFO] SUCCESS: org.springframework.boot:spring-boot-web-server:jar:4.0.5:compile (sources = true)
2026.05.16 18:06:04 INFO  [INFO] Resolving artifact: jakarta.activation:jakarta.activation-api:jar:2.1.4:runtime (sources = false)
2026.05.16 18:06:04 INFO  [INFO] SUCCESS: jakarta.activation:jakarta.activation-api:jar:2.1.4:runtime (sources = false)
2026.05.16 18:06:04 INFO  [INFO] Resolving artifact: jakarta.activation:jakarta.activation-api:jar:2.1.4:runtime (sources = true)
2026.05.16 18:06:04 INFO  [INFO] SUCCESS: jakarta.activation:jakarta.activation-api:jar:2.1.4:runtime (sources = true)
2026.05.16 18:06:04 INFO  [INFO] Resolving artifact: org.springframework:spring-webmvc:jar:7.0.6:compile (sources = false)
2026.05.16 18:06:04 INFO  [INFO] SUCCESS: org.springframework:spring-webmvc:jar:7.0.6:compile (sources = false)
2026.05.16 18:06:04 INFO  [INFO] Resolving artifact: org.springframework:spring-webmvc:jar:7.0.6:compile (sources = true)
2026.05.16 18:06:04 INFO  [INFO] SUCCESS: org.springframework:spring-webmvc:jar:7.0.6:compile (sources = true)
2026.05.16 18:06:04 INFO  [INFO] Resolving artifact: org.springframework.boot:spring-boot-starter-thymeleaf:jar:4.0.5:compile (sources = false)
2026.05.16 18:06:04 INFO  [INFO] SUCCESS: org.springframework.boot:spring-boot-starter-thymeleaf:jar:4.0.5:compile (sources = false)
2026.05.16 18:06:04 INFO  [INFO] Resolving artifact: org.springframework.boot:spring-boot-starter-thymeleaf:jar:4.0.5:compile (sources = true)
2026.05.16 18:06:04 INFO  [INFO] SUCCESS: org.springframework.boot:spring-boot-starter-thymeleaf:jar:4.0.5:compile (sources = true)
2026.05.16 18:06:04 INFO  [INFO] Resolving artifact: org.apiguardian:apiguardian-api:jar:1.1.2:test (sources = false)
2026.05.16 18:06:04 INFO  [INFO] SUCCESS: org.apiguardian:apiguardian-api:jar:1.1.2:test (sources = false)
2026.05.16 18:06:04 INFO  [INFO] Resolving artifact: org.apiguardian:apiguardian-api:jar:1.1.2:test (sources = true)
2026.05.16 18:06:04 INFO  [INFO] SUCCESS: org.apiguardian:apiguardian-api:jar:1.1.2:test (sources = true)
2026.05.16 18:06:04 INFO  [INFO] Resolving artifact: org.springframework.boot:spring-boot-security:jar:4.0.5:compile (sources = false)
2026.05.16 18:06:04 INFO  [INFO] SUCCESS: org.springframework.boot:spring-boot-security:jar:4.0.5:compile (sources = false)
2026.05.16 18:06:04 INFO  [INFO] Resolving artifact: org.springframework.boot:spring-boot-security:jar:4.0.5:compile (sources = true)
2026.05.16 18:06:04 INFO  [INFO] SUCCESS: org.springframework.boot:spring-boot-security:jar:4.0.5:compile (sources = true)
2026.05.16 18:06:04 INFO  [INFO] Resolving artifact: org.springframework.boot:spring-boot-jdbc:jar:4.0.5:compile (sources = false)
2026.05.16 18:06:04 INFO  [INFO] SUCCESS: org.springframework.boot:spring-boot-jdbc:jar:4.0.5:compile (sources = false)
2026.05.16 18:06:04 INFO  [INFO] Resolving artifact: org.springframework.boot:spring-boot-jdbc:jar:4.0.5:compile (sources = true)
2026.05.16 18:06:04 INFO  [INFO] SUCCESS: org.springframework.boot:spring-boot-jdbc:jar:4.0.5:compile (sources = true)
2026.05.16 18:06:04 INFO  [INFO] Resolving artifact: com.mysql:mysql-connector-j:jar:9.6.0:runtime (sources = false)
2026.05.16 18:06:04 INFO  [INFO] SUCCESS: com.mysql:mysql-connector-j:jar:9.6.0:runtime (sources = false)
2026.05.16 18:06:04 INFO  [INFO] Resolving artifact: com.mysql:mysql-connector-j:jar:9.6.0:runtime (sources = true)
2026.05.16 18:06:04 INFO  [INFO] SUCCESS: com.mysql:mysql-connector-j:jar:9.6.0:runtime (sources = true)
2026.05.16 18:06:04 INFO  [INFO] Resolving artifact: org.springframework.boot:spring-boot-transaction:jar:4.0.5:compile (sources = false)
2026.05.16 18:06:04 INFO  [INFO] SUCCESS: org.springframework.boot:spring-boot-transaction:jar:4.0.5:compile (sources = false)
2026.05.16 18:06:04 INFO  [INFO] Resolving artifact: org.springframework.boot:spring-boot-transaction:jar:4.0.5:compile (sources = true)
2026.05.16 18:06:04 INFO  [INFO] SUCCESS: org.springframework.boot:spring-boot-transaction:jar:4.0.5:compile (sources = true)
2026.05.16 18:06:04 INFO  [INFO] Resolving artifact: org.junit.platform:junit-platform-engine:jar:6.0.3:test (sources = false)
2026.05.16 18:06:04 INFO  [INFO] SUCCESS: org.junit.platform:junit-platform-engine:jar:6.0.3:test (sources = false)
2026.05.16 18:06:04 INFO  [INFO] Resolving artifact: org.junit.platform:junit-platform-engine:jar:6.0.3:test (sources = true)
2026.05.16 18:06:04 INFO  [INFO] SUCCESS: org.junit.platform:junit-platform-engine:jar:6.0.3:test (sources = true)
2026.05.16 18:06:04 INFO  [INFO] Resolving artifact: org.yaml:snakeyaml:jar:2.5:compile (sources = false)
2026.05.16 18:06:04 INFO  [INFO] SUCCESS: org.yaml:snakeyaml:jar:2.5:compile (sources = false)
2026.05.16 18:06:04 INFO  [INFO] Resolving artifact: org.yaml:snakeyaml:jar:2.5:compile (sources = true)
2026.05.16 18:06:04 INFO  [INFO] SUCCESS: org.yaml:snakeyaml:jar:2.5:compile (sources = true)
2026.05.16 18:06:04 INFO  [INFO] Resolving artifact: org.eclipse.angus:angus-activation:jar:2.0.3:runtime (sources = false)
2026.05.16 18:06:04 INFO  [INFO] SUCCESS: org.eclipse.angus:angus-activation:jar:2.0.3:runtime (sources = false)
2026.05.16 18:06:04 INFO  [INFO] Resolving artifact: org.eclipse.angus:angus-activation:jar:2.0.3:runtime (sources = true)
2026.05.16 18:06:04 INFO  [INFO] SUCCESS: org.eclipse.angus:angus-activation:jar:2.0.3:runtime (sources = true)
2026.05.16 18:06:04 INFO  [INFO] Resolving artifact: com.vaadin.external.google:android-json:jar:0.0.20131108.vaadin1:test (sources = false)
2026.05.16 18:06:04 INFO  [INFO] SUCCESS: com.vaadin.external.google:android-json:jar:0.0.20131108.vaadin1:test (sources = false)
2026.05.16 18:06:04 INFO  [INFO] Resolving artifact: com.vaadin.external.google:android-json:jar:0.0.20131108.vaadin1:test (sources = true)
2026.05.16 18:06:04 INFO  [INFO] SUCCESS: com.vaadin.external.google:android-json:jar:0.0.20131108.vaadin1:test (sources = true)
2026.05.16 18:06:04 INFO  [INFO] Resolving artifact: net.bytebuddy:byte-buddy-agent:jar:1.17.8:test (sources = false)
2026.05.16 18:06:04 INFO  [INFO] SUCCESS: net.bytebuddy:byte-buddy-agent:jar:1.17.8:test (sources = false)
2026.05.16 18:06:04 INFO  [INFO] Resolving artifact: net.bytebuddy:byte-buddy-agent:jar:1.17.8:test (sources = true)
2026.05.16 18:06:04 INFO  [INFO] SUCCESS: net.bytebuddy:byte-buddy-agent:jar:1.17.8:test (sources = true)
2026.05.16 18:06:05 INFO  [INFO] Generated .bloop\demo-test.json
2026.05.16 18:06:05 INFO  [INFO] ------------------------------------------------------------------------
2026.05.16 18:06:05 INFO  [INFO] BUILD SUCCESS
2026.05.16 18:06:05 INFO  [INFO] ------------------------------------------------------------------------
2026.05.16 18:06:05 INFO  [INFO] Total time:  02:44 min
2026.05.16 18:06:05 INFO  [INFO] Finished at: 2026-05-16T18:06:05+03:00
2026.05.16 18:06:05 INFO  [INFO] ------------------------------------------------------------------------
2026.05.16 18:06:05 INFO  time: ran 'mvn bloopInstall' in 4m15s
2026.05.16 18:06:05 INFO  Attempting to connect to the build server...
2026.05.16 18:06:05 INFO  No running Bloop server found, starting one.
2026.05.16 18:06:47 INFO  Starting compilation server
2026.05.16 18:07:16 INFO  tracing is disabled for protocol BSP, to enable tracing of incoming and outgoing JSON messages create an empty file at C:\Users\Cozon\Documents\GitHub\Vista\.metals\bsp.trace.json or C:\Users\Cozon\AppData\Local\scalameta\metals\cache\bsp.trace.json
2026.05.16 18:07:19 INFO  time: Connected to build server in 1m13s
2026.05.16 18:07:19 INFO  Connected to Build server: Bloop v2.0.19
2026.05.16 18:07:21 INFO  time: Imported build in 1.97s
2026.05.16 18:07:41 WARN  Using H2 2.4.240 which is newer than the version Flyway has been verified with. The latest verified version of H2 is 2.3.232.
2026.05.16 18:09:32 INFO  time: indexed workspace in 2m10s
2026.05.16 18:09:36 INFO  compiling demo (18 java sources)
2026.05.16 18:09:56 INFO  compiling demo-test (1 java source)
2026.05.16 18:09:58 INFO  time: compiled demo in 22s
2026.05.16 18:10:22 INFO  time: compiled demo-test in 25s
2026.05.16 18:13:31 INFO  Shutting down server
2026.05.16 18:13:31 INFO  Memory monitor stopped
2026.05.16 18:13:31 INFO  shutting down Metals
2026.05.16 18:13:31 INFO  Shut down connection with build server.
